category,operator_cn,operator_en,rarity,is_special,skin_collection,model_key,asset_id,model_directory
default,CONFESS-47,CONFESS-47,1,no,,4188_confes,build_char_4188_confes,models/4188_confes
default,Castle-3,Castle-3,1,no,,286_cast3,build_char_286_cast3,models/286_cast3
default,Friston-3,Friston-3,1,no,,4093_frston,build_char_4093_frston,models/4093_frston
default,GALLUS²,GALLUS²,1,no,,4227_gallus,build_char_4227_gallus,models/4227_gallus
default,Lancet-2,Lancet-2,1,no,,285_medic2,build_char_285_medic2,models/285_medic2
default,PhonoR-0,PhonoR-0,1,no,,4136_phonor,build_char_4136_phonor,models/4136_phonor
default,THRM-EX,Thermal-EX,1,no,,376_therex,build_char_376_therex,models/376_therex
default,U-Official,U-Official,1,no,,4091_ulika,build_char_4091_ulika,models/4091_ulika
default,正义骑士号,"""Justice Knight""",1,no,,4000_jnight,build_char_4000_jnight,models/4000_jnight
default,泰拉大陆调查团,Terra Research Commission,1,no,,4077_palico,build_char_4077_palico,models/4077_palico
default,罗德岛隐秘队,Rhodes Island Recon,1,no,,4215_buddy,build_char_4215_buddy,models/4215_buddy
default,12F,12F,2,no,,009_12fce,build_char_009_12fce,models/009_12fce
default,夜刀,Yato,2,no,,502_nblade,build_char_502_nblade,models/502_nblade
default,巡林者,Rangers,2,no,,503_rang,build_char_503_rang,models/503_rang
default,杜林,Durin,2,no,,501_durin,build_char_501_durin,models/501_durin
default,黑角,Noir Corne,2,no,,500_noirc,build_char_500_noirc,models/500_noirc
default,克洛丝,Kroos,3,no,,124_kroos,build_char_124_kroos,models/124_kroos
default,卡缇,Cardigan,3,no,,209_ardign,build_char_209_ardign,models/209_ardign
default,史都华德,Steward,3,no,,210_stward,build_char_210_stward,models/210_stward
default,安德切尔,Adnachiel,3,no,,211_adnach,build_char_211_adnach,models/211_adnach
default,安赛尔,Ansel,3,no,,212_ansel,build_char_212_ansel,models/212_ansel
default,斑点,Spot,3,no,,284_spot,build_char_284_spot,models/284_spot
default,月见夜,Midnight,3,no,,283_midn,build_char_283_midn,models/283_midn
default,梓兰,Orchid,3,no,,278_orchid,build_char_278_orchid,models/278_orchid
default,泡普卡,Popukar,3,no,,281_popka,build_char_281_popka,models/281_popka
default,炎熔,Lava,3,no,,121_lava,build_char_121_lava,models/121_lava
default,玫兰莎,Melantha,3,no,,208_melan,build_char_208_melan,models/208_melan
default,空爆,Catapult,3,no,,282_catap,build_char_282_catap,models/282_catap
default,米格鲁,Beagle,3,no,,122_beagle,build_char_122_beagle,models/122_beagle
default,翎羽,Plume,3,no,,192_falco,build_char_192_falco,models/192_falco
default,芙蓉,Hibiscus,3,no,,120_hibisc,build_char_120_hibisc,models/120_hibisc
default,芬,Fang,3,no,,123_fang,build_char_123_fang,models/123_fang
default,香草,Vanilla,3,no,,240_wyvern,build_char_240_wyvern,models/240_wyvern
default,云迹,Contrail,4,no,,4165_ctrail,build_char_4165_ctrail,models/4165_ctrail
default,伊桑,Ethan,4,no,,355_ethan,build_char_355_ethan,models/355_ethan
default,休谟斯,Humus,4,no,,491_humus,build_char_491_humus,models/491_humus
default,冬时,Снегурочка,4,no,,4208_wintim,build_char_4208_wintim,models/4208_wintim
default,刻刀,Cutter,4,no,,301_cutter,build_char_301_cutter,models/301_cutter
default,协律,Akkord,4,no,,4051_akkord,build_char_4051_akkord,models/4051_akkord
default,卡达,Click,4,no,,328_cammou,build_char_328_cammou,models/328_cammou
default,古米,Гум,4,no,,196_sunbr,build_char_196_sunbr,models/196_sunbr
default,嘉维尔,Gavial,4,no,,187_ccheal,build_char_187_ccheal,models/187_ccheal
default,地灵,Earthspirit,4,no,,183_skgoat,build_char_183_skgoat,models/183_skgoat
default,坚雷,Dur-nar,4,no,,260_durnar,build_char_260_durnar,models/260_durnar
default,夜烟,Haze,4,no,,141_nights,build_char_141_nights,models/141_nights
default,孑,Jaye,4,no,,272_strong,build_char_272_strong,models/272_strong
default,安比尔,Ambriel,4,no,,302_glaze,build_char_302_glaze,models/302_glaze
default,宴,Utage,4,no,,337_utage,build_char_337_utage,models/337_utage
default,布丁,Pudding,4,no,,4004_pudd,build_char_4004_pudd,models/4004_pudd
default,慕斯,Mousse,4,no,,185_frncat,build_char_185_frncat,models/185_frncat
default,断罪者,Conviction,4,no,,159_peacok,build_char_159_peacok,models/159_peacok
default,暗索,Rope,4,no,,236_rope,build_char_236_rope,models/236_rope
default,末药,Myrrh,4,no,,117_myrrh,build_char_117_myrrh,models/117_myrrh
default,杜宾,Dobermann,4,no,,130_doberm,build_char_130_doberm,models/130_doberm
default,杰克,Jackie,4,no,,347_jaksel,build_char_347_jaksel,models/347_jaksel
default,杰西卡,Jessica,4,no,,235_jesica,build_char_235_jesica,models/235_jesica
default,松果,Pinecone,4,no,,440_pinecn,build_char_440_pinecn,models/440_pinecn
default,格雷伊,Greyy,4,no,,253_greyy,build_char_253_greyy,models/253_greyy
default,桃金娘,Myrtle,4,no,,151_myrtle,build_char_151_myrtle,models/151_myrtle
default,梅,May,4,no,,133_mm,build_char_133_mm,models/133_mm
default,泡泡,Bubble,4,no,,381_bubble,build_char_381_bubble,models/381_bubble
default,波登可,Podenco,4,no,,258_podego,build_char_258_podego,models/258_podego
default,流星,Meteor,4,no,,126_shotst,build_char_126_shotst,models/126_shotst
default,深海色,Deepcolor,4,no,,110_deepcl,build_char_110_deepcl,models/110_deepcl
default,深靛,Indigo,4,no,,469_indigo,build_char_469_indigo,models/469_indigo
default,清流,Purestream,4,no,,385_finlpp,build_char_385_finlpp,models/385_finlpp
default,清道夫,Scavenger,4,no,,149_scave,build_char_149_scave,models/149_scave
default,猎蜂,Beehunter,4,no,,137_brownb,build_char_137_brownb,models/137_brownb
default,白雪,ShiraYuki,4,no,,118_yuki,build_char_118_yuki,models/118_yuki
default,石英,Quartz,4,no,,4063_quartz,build_char_4063_quartz,models/4063_quartz
default,砾,Gravel,4,no,,237_gravel,build_char_237_gravel,models/237_gravel
default,红云,Vermeil,4,no,,190_clour,build_char_190_clour,models/190_clour
default,红豆,Vigna,4,no,,290_vigna,build_char_290_vigna,models/290_vigna
default,维荻,Verdant,4,no,,4107_vrdant,build_char_4107_vrdant,models/4107_vrdant
default,缠丸,Matoimaru,4,no,,289_gyuki,build_char_289_gyuki,models/289_gyuki
default,罗小黑,Luo Xiaohei,4,no,,4067_lolxh,build_char_4067_lolxh,models/4067_lolxh
default,罗比菈塔,Roberta,4,no,,484_robrta,build_char_484_robrta,models/484_robrta
default,艾丝黛尔,Estelle,4,no,,127_estell,build_char_127_estell,models/127_estell
default,芳汀,Arene,4,no,,271_spikes,build_char_271_spikes,models/271_spikes
default,苏苏洛,Sussurro,4,no,,298_susuro,build_char_298_susuro,models/298_susuro
default,蛇屠箱,Cuora,4,no,,150_snakek,build_char_150_snakek,models/150_snakek
default,褐果,Chestnut,4,no,,4041_chnut,build_char_4041_chnut,models/4041_chnut
default,角峰,Matterhorn,4,no,,199_yak,build_char_199_yak,models/199_yak
default,讯使,Courier,4,no,,198_blackd,build_char_198_blackd,models/198_blackd
default,调香师,Perfumer,4,no,,181_flower,build_char_181_flower,models/181_flower
default,豆苗,Beanstalk,4,no,,452_bstalk,build_char_452_bstalk,models/452_bstalk
default,跃跃,Caper,4,no,,4100_caper,build_char_4100_caper,models/4100_caper
default,远山,Gitano,4,no,,109_fmout,build_char_109_fmout,models/109_fmout
default,酸糖,Aciddrop,4,no,,366_acdrop,build_char_366_acdrop,models/366_acdrop
default,铅踝,Totter,4,no,,4062_totter,build_char_4062_totter,models/4062_totter
default,阿消,Shaw,4,no,,277_sqrrel,build_char_277_sqrrel,models/277_sqrrel
default,霜叶,Frostleaf,4,no,,193_frostl,build_char_193_frostl,models/193_frostl
default,露托,Lutonada,4,no,,4130_luton,build_char_4130_luton,models/4130_luton
default,骋风,Windscoot,4,no,,445_wscoot,build_char_445_wscoot,models/445_wscoot
default,Miss.Christine,Miss.Christine,5,no,,4198_christ,build_char_4198_christ,models/4198_christ
default,万顷,Wanqing,5,no,,4119_wanqin,build_char_4119_wanqin,models/4119_wanqin
default,三角初华,Misumi Uika,5,no,,4184_dolris,build_char_4184_dolris,models/4184_dolris
default,临光,Nearl,5,no,,148_nearl,build_char_148_nearl,models/148_nearl
default,乌啾,Укусик,5,no,,4224_turdus,build_char_4224_turdus,models/4224_turdus
default,乌有,Mr.Nothing,5,no,,455_nothin,build_char_455_nothin,models/455_nothin
default,九色鹿,Nine-Colored Deer,5,no,,4019_ncdeer,build_char_4019_ncdeer,models/4019_ncdeer
default,亚叶,Folinic,5,no,,345_folnic,build_char_345_folnic,models/345_folnic
default,伯塔尼,Ботани,5,no,,4223_botany,build_char_4223_botany,models/4223_botany
default,但书,Proviso,5,no,,4032_provs,build_char_4032_provs,models/4032_provs
default,佩德洛,Pedro,5,no,,4234_pedro,build_char_4234_pedro,models/4234_pedro
default,八幡海铃,Yahata Umiri,5,no,,4186_tmoris,build_char_4186_tmoris,models/4186_tmoris
default,冰酿,Coldshot,5,no,,4104_coldst,build_char_4104_coldst,models/4104_coldst
default,凛冬,Зима,5,no,,115_headbr,build_char_115_headbr,models/115_headbr
default,凛视,Valarqvin,5,no,,4102_threye,build_char_4102_threye,models/4102_threye
default,凯瑟琳,Catherine,5,no,,4162_cathy,build_char_4162_cathy,models/4162_cathy
default,初雪,Pramanix,5,no,,174_slbell,build_char_174_slbell,models/174_slbell
default,刺玫,Vendela,5,no,,494_vendla,build_char_494_vendla,models/494_vendla
default,医生,Doc,5,no,,4125_rdoc,build_char_4125_rdoc,models/4125_rdoc
default,华法琳,Warfarin,5,no,,171_bldsk,build_char_171_bldsk,models/171_bldsk
default,卡夫卡,Kafka,5,no,,214_kafka,build_char_214_kafka,models/214_kafka
default,历阵锐枪芬,Fang the Fire-sharpened,5,yes,,1036_fang2,build_char_1036_fang2,models/1036_fang2
default,双月,Iana,5,no,,4124_iana,build_char_4124_iana,models/4124_iana
default,可颂,Croissant,5,no,,201_moeshd,build_char_201_moeshd,models/201_moeshd
default,吉星,Kichisei,5,no,,4203_kichi,build_char_4203_kichi,models/4203_kichi
default,吽,Hung,5,no,,226_hmau,build_char_226_hmau,models/226_hmau
default,和弦,Harmonie,5,no,,297_hamoni,build_char_297_hamoni,models/297_hamoni
default,哈洛德,Harold,5,no,,4114_harold,build_char_4114_harold,models/4114_harold
default,哈蒂娅,Hadiya,5,no,,394_hadiya,build_char_394_hadiya,models/394_hadiya
default,响石,Cairn,5,no,,4214_cairn,build_char_4214_cairn,models/4214_cairn
default,四月,April,5,no,,365_aprl,build_char_365_aprl,models/365_aprl
default,因陀罗,Indra,5,no,,155_tiger,build_char_155_tiger,models/155_tiger
default,图耶,Tuye,5,no,,402_tuye,build_char_402_tuye,models/402_tuye
default,埃拉托,Erato,5,no,,4043_erato,build_char_4043_erato,models/4043_erato
default,复奏,Ripresa,5,no,,4031_liesel,build_char_4031_liesel,models/4031_liesel
default,夏栎,Quercus,5,no,,492_quercu,build_char_492_quercu,models/492_quercu
default,夜半,Blacknight,5,no,,476_blkngt,build_char_476_blkngt,models/476_blkngt
default,夜魔,Nightmare,5,no,,164_nightm,build_char_164_nightm,models/164_nightm
default,天火,Skyfire,5,no,,166_skfire,build_char_166_skfire,models/166_skfire
default,天空盒,Skybox,5,no,,4213_skybx,build_char_4213_skybx,models/4213_skybx
default,奥斯塔,Aosta,5,no,,346_aosta,build_char_346_aosta,models/346_aosta
default,奥达,Odda,5,no,,4131_odda,build_char_4131_odda,models/4131_odda
default,子月,Lunacub,5,no,,4014_lunacu,build_char_4014_lunacu,models/4014_lunacu
default,守林人,Firewatch,5,no,,158_milu,build_char_158_milu,models/158_milu
default,安哲拉,Andreana,5,no,,218_cuttle,build_char_218_cuttle,models/218_cuttle
default,寒檀,Santalla,5,no,,341_sntlla,build_char_341_sntlla,models/341_sntlla
default,寒芒克洛丝,Kroos the Keen Glint,5,yes,,1021_kroos2,build_char_1021_kroos2,models/1021_kroos2
default,寻澜,Surfer,5,no,,4052_surfer,build_char_4052_surfer,models/4052_surfer
default,导火索,Fuze,5,no,,4126_fuze,build_char_4126_fuze,models/4126_fuze
default,小满,Grain Buds,5,no,,4122_grabds,build_char_4122_grabds,models/4122_grabds
default,崖心,Cliffheart,5,no,,173_slchan,build_char_173_slchan,models/173_slchan
default,巫恋,Shamare,5,no,,254_vodfox,build_char_254_vodfox,models/254_vodfox
default,布洛卡,Broca,5,no,,356_broca,build_char_356_broca,models/356_broca
default,幽灵鲨,Specter,5,no,,143_ghost,build_char_143_ghost,models/143_ghost
default,录武官,Record Keeper,5,no,,4196_reckpr,build_char_4196_reckpr,models/4196_reckpr
default,微风,Breeze,5,no,,275_breeze,build_char_275_breeze,models/275_breeze
default,德克萨斯,Texas,5,no,,102_texas,build_char_102_texas,models/102_texas
default,惊蛰,Leizi,5,no,,306_leizi,build_char_306_leizi,models/306_leizi
default,慑砂,Sesa,5,no,,379_sesa,build_char_379_sesa,models/379_sesa
default,战车,Tachanka,5,no,,459_tachak,build_char_459_tachak,models/459_tachak
default,截云,Jieyun,5,no,,4078_bdhkgt,build_char_4078_bdhkgt,models/4078_bdhkgt
default,戴菲恩,Delphine,5,no,,4110_delphn,build_char_4110_delphn,models/4110_delphn
default,承曦格雷伊,Greyy the Lightningbearer,5,yes,,1027_greyy2,build_char_1027_greyy2,models/1027_greyy2
default,折光,Diamante,5,no,,499_kaitou,build_char_499_kaitou,models/499_kaitou
default,折桠,Веточки,5,no,,4207_branch,build_char_4207_branch,models/4207_branch
default,拉普兰德,Lappland,5,no,,140_whitew,build_char_140_whitew,models/140_whitew
default,拜松,Bison,5,no,,325_bison,build_char_325_bison,models/325_bison
default,掠风,Windflit,5,no,,433_windft,build_char_433_windft,models/433_windft
default,摆渡人,Varkáris,5,no,,4166_varkis,build_char_4166_varkis,models/4166_varkis
default,摩根,Morgan,5,no,,154_morgan,build_char_154_morgan,models/154_morgan
default,撷英调香师,Perfumer the Distilled,5,yes,,1022_flwr2,build_char_1022_flwr2,models/1022_flwr2
default,断崖,Ayerscarpe,5,no,,294_ayer,build_char_294_ayer,models/294_ayer
default,明椒,Paprika,5,no,,4071_peper,build_char_4071_peper,models/4071_peper
default,星极,Astesia,5,no,,274_astesi,build_char_274_astesi,models/274_astesi
default,星源,Astgenne,5,no,,135_halo,build_char_135_halo,models/135_halo
default,晓歌,Cantabile,5,no,,497_ctable,build_char_497_ctable,models/497_ctable
default,普罗旺斯,Provence,5,no,,145_prove,build_char_145_prove,models/145_prove
default,暮落,Shalem,5,no,,4025_aprot2,build_char_4025_aprot2,models/4025_aprot2
default,暴行,Savage,5,no,,230_savage,build_char_230_savage,models/230_savage
default,暴雨,Heavyrain,5,no,,304_zebra,build_char_304_zebra,models/304_zebra
default,月禾,Tsukinogi,5,no,,343_tknogi,build_char_343_tknogi,models/343_tknogi
default,杏仁,Almond,5,no,,4105_almond,build_char_4105_almond,models/4105_almond
default,松桐,Matsukiri,5,no,,4199_makiri,build_char_4199_makiri,models/4199_makiri
default,极光,Aurora,5,no,,422_aurora,build_char_422_aurora,models/422_aurora
default,极境,Elysium,5,no,,401_elysm,build_char_401_elysm,models/401_elysm
default,柏喙,Bibeak,5,no,,252_bibeak,build_char_252_bibeak,models/252_bibeak
default,格劳克斯,Glaucus,5,no,,326_glacus,build_char_326_glacus,models/326_glacus
default,格拉尼,Grani,5,no,,220_grani,build_char_220_grani,models/220_grani
default,桑葚,Mulberry,5,no,,473_mberry,build_char_473_mberry,models/473_mberry
default,梅尔,Mayer,5,no,,242_otter,build_char_242_otter,models/242_otter
default,森西,Senshi,5,no,,4143_sensi,build_char_4143_sensi,models/4143_sensi
default,槐琥,Waai Fu,5,no,,243_waaifu,build_char_243_waaifu,models/243_waaifu
default,水灯心,Brigid,5,no,,4177_brigid,build_char_4177_brigid,models/4177_brigid
default,波卜,Bobbing,5,no,,487_bobb,build_char_487_bobb,models/487_bobb
default,洋灰,Cement,5,no,,464_cement,build_char_464_cement,models/464_cement
default,洛洛,Rockrock,5,no,,4040_rockr,build_char_4040_rockr,models/4040_rockr
default,海沫,Highmore,5,no,,4066_highmo,build_char_4066_highmo,models/4066_highmo
default,海蒂,Heidi,5,no,,4045_heidi,build_char_4045_heidi,models/4045_heidi
default,海霓,Lucilla,5,no,,4079_haini,build_char_4079_haini,models/4079_haini
default,深巡,Underflow,5,no,,4137_udflow,build_char_4137_udflow,models/4137_udflow
default,深律,Bassline,5,no,,4109_baslin,build_char_4109_baslin,models/4109_baslin
default,渡桥,Mitm,5,no,,4147_mitm,build_char_4147_mitm,models/4147_mitm
default,温米,Warmy,5,no,,4081_warmy,build_char_4081_warmy,models/4081_warmy
default,濯尘芙蓉,Hibiscus the Purifier,5,yes,,1024_hbisc2,build_char_1024_hbisc2,models/1024_hbisc2
default,火哨,Firewhistle,5,no,,493_firwhl,build_char_493_firwhl,models/493_firwhl
default,火神,Vulcan,5,no,,163_hpsts,build_char_163_hpsts,models/163_hpsts
default,火龙S黑角,Rathalos S Noir Corne,5,yes,,1030_noirc2,build_char_1030_noirc2,models/1030_noirc2
default,灰喉,GreyThroat,5,no,,367_swllow,build_char_367_swllow,models/367_swllow
default,灰毫,Ashlock,5,no,,431_ashlok,build_char_431_ashlok,models/431_ashlok
default,炎客,Flamebringer,5,no,,131_flameb,build_char_131_flameb,models/131_flameb
default,炎狱炎熔,Lava the Purgatory,5,yes,,1011_lava2,build_char_1011_lava2,models/1011_lava2
default,烈夏,Лето,5,no,,194_leto,build_char_194_leto,models/194_leto
default,熔泉,Toddifons,5,no,,363_toddi,build_char_363_toddi,models/363_toddi
default,燧石,Flint,5,no,,415_flint,build_char_415_flint,models/415_flint
default,爱丽丝,Iris,5,no,,338_iris,build_char_338_iris,models/338_iris
default,特克诺,Tecno,5,no,,4164_tecno,build_char_4164_tecno,models/4164_tecno
default,特米米,Tomimi,5,no,,411_tomimi,build_char_411_tomimi,models/411_tomimi
default,狮蝎,Manticore,5,no,,215_mantic,build_char_215_mantic,models/215_mantic
default,玫拉,Melanite,5,no,,4006_melnte,build_char_4006_melnte,models/4006_melnte
default,瑰盐,Rose Salt,5,no,,4163_rosesa,build_char_4163_rosesa,models/4163_rosesa
default,白金,Platinum,5,no,,204_platnm,build_char_204_platnm,models/204_platnm
default,白面鸮,Ptilopsis,5,no,,128_plosis,build_char_128_plosis,models/128_plosis
default,真理,Истина,5,no,,195_glassb,build_char_195_glassb,models/195_glassb
default,矩,Ju,5,no,,4221_ju,build_char_4221_ju,models/4221_ju
default,石棉,Asbestos,5,no,,378_asbest,build_char_378_asbest,models/378_asbest
default,祐天寺若麦,Yūtenji Nyamu,5,no,,4185_amoris,build_char_4185_amoris,models/4185_amoris
default,稀音,Scene,5,no,,336_folivo,build_char_336_folivo,models/336_folivo
default,空,Sora,5,no,,101_sora,build_char_101_sora,models/101_sora
default,空构,Spuria,5,no,,4015_spuria,build_char_4015_spuria,models/4015_spuria
default,絮雨,Whisperain,5,no,,436_whispr,build_char_436_whispr,models/436_whispr
default,红,Projekt Red,5,no,,144_red,build_char_144_red,models/144_red
default,红隼,Kestrel,5,no,,4023_rfalcn,build_char_4023_rfalcn,models/4023_rfalcn
default,绮良,Kirara,5,no,,478_kirara,build_char_478_kirara,models/478_kirara
default,罗宾,Robin,5,no,,451_robin,build_char_451_robin,models/451_robin
default,羽毛笔,La Pluma,5,no,,421_crow,build_char_421_crow,models/421_crow
default,耶拉,Kjera,5,no,,4013_kjera,build_char_4013_kjera,models/4013_kjera
default,聆音,Gracebearer,5,no,,4187_graceb,build_char_4187_graceb,models/4187_graceb
default,至简,Minimalist,5,no,,4054_malist,build_char_4054_malist,models/4054_malist
default,芙兰卡,Franka,5,no,,106_franka,build_char_106_franka,models/106_franka
default,苇草,Reed,5,no,,261_sddrag,build_char_261_sddrag,models/261_sddrag
default,苍苔,Bryophyta,5,no,,4106_bryota,build_char_4106_bryota,models/4106_bryota
default,若叶睦,Wakaba Mutsumi,5,no,,4183_mortis,build_char_4183_mortis,models/4183_mortis
default,苦艾,Absinthe,5,no,,405_absin,build_char_405_absin,models/405_absin
default,莎草,Papyrus,5,no,,4139_papyrs,build_char_4139_papyrs,models/4139_papyrs
default,莱恩哈特,Leonhardt,5,no,,373_lionhd,build_char_373_lionhd,models/373_lionhd
default,莱欧斯,Laios,5,no,,4142_laios,build_char_4142_laios,models/4142_laios
default,菲莱,Philae,5,no,,4148_philae,build_char_4148_philae,models/4148_philae
default,蒂比,Tippi,5,no,,4191_tippi,build_char_4191_tippi,models/4191_tippi
default,蓝毒,Blue Poison,5,no,,129_bluep,build_char_129_bluep,models/129_bluep
default,薄绿,Mint,5,no,,388_mint,build_char_388_mint,models/388_mint
default,蚀清,Corroserum,5,no,,489_serum,build_char_489_serum,models/489_serum
default,蜜莓,Honeyberry,5,no,,449_glider,build_char_449_glider,models/449_glider
default,蜜蜡,Beeswax,5,no,,344_beewax,build_char_344_beewax,models/344_beewax
default,行箸,Xingzhu,5,no,,4172_xingzh,build_char_4172_xingzh,models/4172_xingzh
default,衡沙,Sand Reckoner,5,no,,4140_lasher,build_char_4140_lasher,models/4140_lasher
default,裁度,Figurino,5,no,,4155_talr,build_char_4155_talr,models/4155_talr
default,裂响,Crackborne,5,no,,4225_tanya,build_char_4225_tanya,models/4225_tanya
default,见行者,Enforcer,5,no,,4036_forcer,build_char_4036_forcer,models/4036_forcer
default,诗怀雅,Swire,5,no,,308_swire,build_char_308_swire,models/308_swire
default,诺威尔,Nowell,5,no,,4173_nowell,build_char_4173_nowell,models/4173_nowell
default,谜图,Puzzle,5,no,,4017_puzzle,build_char_4017_puzzle,models/4017_puzzle
default,贝娜,Bena,5,no,,369_bena,build_char_369_bena,models/369_bena
default,贾维,Chiave,5,no,,349_chiave,build_char_349_chiave,models/349_chiave
default,赤冬,Akafuyu,5,no,,475_akafyu,build_char_475_akafyu,models/475_akafyu
default,赫默,Silence,5,no,,108_silent,build_char_108_silent,models/108_silent
default,车尔尼,Czerny,5,no,,4047_pianst,build_char_4047_pianst,models/4047_pianst
default,达格达,Dagda,5,no,,157_dagda,build_char_157_dagda,models/157_dagda
default,送葬人,Executor,5,no,,279_excu,build_char_279_excu,models/279_excu
default,野鬃,Wild Mane,5,no,,496_wildmn,build_char_496_wildmn,models/496_wildmn
default,钼铅,Wulfenite,5,no,,4171_wulfen,build_char_4171_wulfen,models/4171_wulfen
default,铎铃,Wind Chimes,5,no,,4083_chimes,build_char_4083_chimes,models/4083_chimes
default,铸铁,Sideroca,5,no,,333_sidero,build_char_333_sidero,models/333_sidero
default,锡人,Tin Man,5,no,,4151_tinman,build_char_4151_tinman,models/4151_tinman
default,锡兰,Ceylon,5,no,,348_ceylon,build_char_348_ceylon,models/348_ceylon
default,闪击,Blitz,5,no,,457_blitz,build_char_457_blitz,models/457_blitz
default,阿兰娜,Alanna,5,no,,4178_alanna,build_char_4178_alanna,models/4178_alanna
default,阿米娅,Amiya,5,no,,002_amiya,build_char_002_amiya,models/002_amiya
default,阿罗玛,Aroma,5,no,,446_aroma,build_char_446_aroma,models/446_aroma
default,陨星,Meteorite,5,no,,219_meteo,build_char_219_meteo,models/219_meteo
default,隐现,Insider,5,no,,498_inside,build_char_498_inside,models/498_inside
default,雪猎,Snow Hunter,5,no,,4211_snhunt,build_char_4211_snhunt,models/4211_snhunt
default,雪绒,Qanipalaat,5,no,,466_qanik,build_char_466_qanik,models/466_qanik
default,雪雉,Snowsant,5,no,,383_snsant,build_char_383_snsant,models/383_snsant
default,雷狼龙S空爆,Zinogre S Catapult,5,yes,,1049_catap2,build_char_1049_catap2,models/1049_catap2
default,雷蛇,Liskarm,5,no,,107_liskam,build_char_107_liskam,models/107_liskam
default,霜华,Frost,5,no,,458_rfrost,build_char_458_rfrost,models/458_rfrost
default,青枳,Poncirus,5,no,,488_buildr,build_char_488_buildr,models/488_buildr
default,鞭刃,Whislash,5,no,,265_sophia,build_char_265_sophia,models/265_sophia
default,风丸,Kazemaru,5,no,,4016_kazema,build_char_4016_kazema,models/4016_kazema
default,风絮,Taraxacum,5,no,,4222_taraxa,build_char_4222_taraxa,models/4222_taraxa
default,食铁兽,FEater,5,no,,241_panda,build_char_241_panda,models/241_panda
default,齐尔查克,Chilchuck,5,no,,4144_chilc,build_char_4144_chilc,models/4144_chilc
default,龙舌兰,Tequila,5,no,,486_takila,build_char_486_takila,models/486_takila
default,Mon3tr,Mon3tr,6,no,,4179_monstr,build_char_4179_monstr,models/4179_monstr
default,W,W,6,no,,113_cqbw,build_char_113_cqbw,models/113_cqbw
default,丰川祥子,Togawa Sakiko,6,no,,4182_oblvns,build_char_4182_oblvns,models/4182_oblvns
default,乌尔比安,Ulpianus,6,no,,4145_ulpia,build_char_4145_ulpia,models/4145_ulpia
default,仇白,Qiubai,6,no,,4082_qiubai,build_char_4082_qiubai,models/4082_qiubai
default,令,Ling,6,no,,2023_ling,build_char_2023_ling,models/2023_ling
default,伊内丝,Ines,6,no,,4087_ines,build_char_4087_ines,models/4087_ines
default,伊芙利特,Ifrit,6,no,,134_ifrit,build_char_134_ifrit,models/134_ifrit
default,伺夜,Vigil,6,no,,427_vigil,build_char_427_vigil,models/427_vigil
default,余,Yu,6,no,,2026_yu,build_char_2026_yu,models/2026_yu
default,佩佩,Pepe,6,no,,4058_pepe,build_char_4058_pepe,models/4058_pepe
default,信仰搅拌机,Sankta Miksaparato,6,no,,4194_rmixer,build_char_4194_rmixer,models/4194_rmixer
default,假日威龙陈,Ch'en the Holungday,6,yes,,1013_chen2,build_char_1013_chen2,models/1013_chen2
default,傀影,Phantom,6,no,,250_phatom,build_char_250_phatom,models/250_phatom
default,凛御银灰,SilverAsh the Reignfrost,6,yes,,1045_svash2,build_char_1045_svash2,models/1045_svash2
default,凯尔希,Kal'tsit,6,no,,003_kalts,build_char_003_kalts,models/003_kalts
default,凯尔希·思衡托,Kal'tsit·Esperanta,6,yes,,1052_kalts2,build_char_1052_kalts2,models/1052_kalts2
default,刻俄柏,Ceobe,6,no,,2013_cerber,build_char_2013_cerber,models/2013_cerber
default,卡涅利安,Carnelian,6,no,,426_billro,build_char_426_billro,models/426_billro
default,可露希尔,Closure,6,no,,4228_closur,build_char_4228_closur,models/4228_closur
default,史尔特尔,Surtr,6,no,,350_surtr,build_char_350_surtr,models/350_surtr
default,号角,Horn,6,no,,4039_horn,build_char_4039_horn,models/4039_horn
default,司霆惊蛰,Leizi the Thunderbringer,6,yes,,1043_leizi2,build_char_1043_leizi2,models/1043_leizi2
default,圣约送葬人,Executor the Ex Foedere,6,yes,,1032_excu2,build_char_1032_excu2,models/1032_excu2
default,圣聆初雪,Pramanix the Prerita,6,yes,,1046_sbell2,build_char_1046_sbell2,models/1046_sbell2
default,塑心,Virtuosa,6,no,,245_cello,build_char_245_cello,models/245_cello
default,塞雷娅,Saria,6,no,,202_demkni,build_char_202_demkni,models/202_demkni
default,夕,Dusk,6,no,,2015_dusk,build_char_2015_dusk,models/2015_dusk
default,多萝西,Dorothy,6,no,,4048_doroth,build_char_4048_doroth,models/4048_doroth
default,夜莺,Nightingale,6,no,,179_cgbird,build_char_179_cgbird,models/179_cgbird
default,妮芙,Nymph,6,no,,4146_nymph,build_char_4146_nymph,models/4146_nymph
default,娜仁图亚,Narantuya,6,no,,4138_narant,build_char_4138_narant,models/4138_narant
default,娜斯提,Nasti,6,no,,4212_nasti,build_char_4212_nasti,models/4212_nasti
default,安洁莉娜,Angelina,6,no,,291_aglina,build_char_291_aglina,models/291_aglina
default,山,Mountain,6,no,,264_f12yin,build_char_264_f12yin,models/264_f12yin
default,嵯峨,Saga,6,no,,362_saga,build_char_362_saga,models/362_saga
default,左乐,Zuo Le,6,no,,4121_zuole,build_char_4121_zuole,models/4121_zuole
default,帕拉斯,Pallas,6,no,,485_pallas,build_char_485_pallas,models/485_pallas
default,年,Nian,6,no,,2014_nian,build_char_2014_nian,models/2014_nian
default,异客,Passenger,6,no,,472_pasngr,build_char_472_pasngr,models/472_pasngr
default,弑君者,Crownslayer,6,no,,1502_crosly,build_char_1502_crosly,models/1502_crosly
default,引星棘刺,Thorns the Lodestar,6,yes,,1039_thorn2,build_char_1039_thorn2,models/1039_thorn2
default,归溟幽灵鲨,Specter the Unchained,6,yes,,1023_ghost2,build_char_1023_ghost2,models/1023_ghost2
default,忍冬,Vulpisfoglia,6,no,,4026_vulpis,build_char_4026_vulpis,models/4026_vulpis
default,怒潮凛冬,Zima the Raging Tide,6,yes,,1051_headb2,build_char_1051_headb2,models/1051_headb2
default,推进之王,Siege,6,no,,112_siege,build_char_112_siege,models/112_siege
default,提丰,Typhon,6,no,,2012_typhon,build_char_2012_typhon,models/2012_typhon
default,斥罪,Penance,6,no,,4065_judge,build_char_4065_judge,models/4065_judge
default,斩业星熊,Hoshiguma the Breacher,6,yes,,1044_hsgma2,build_char_1044_hsgma2,models/1044_hsgma2
default,斯卡蒂,Skadi,6,no,,263_skadi,build_char_263_skadi,models/263_skadi
default,新约能天使,Exusiai the New Covenant,6,yes,,1041_angel2,build_char_1041_angel2,models/1041_angel2
default,早露,Роса,6,no,,197_poca,build_char_197_poca,models/197_poca
default,星熊,Hoshiguma,6,no,,136_hsguma,build_char_136_hsguma,models/136_hsguma
default,望,Wang,6,no,,2027_wang,build_char_2027_wang,models/2027_wang
default,林,Lin,6,no,,4080_lin,build_char_4080_lin,models/4080_lin
default,棘刺,Thorns,6,no,,293_thorns,build_char_293_thorns,models/293_thorns
default,森蚺,Eunectes,6,no,,416_zumama,build_char_416_zumama,models/416_zumama
default,歌蕾蒂娅,Gladiia,6,no,,474_glady,build_char_474_glady,models/474_glady
default,止颂,Lessing,6,no,,4011_lessng,build_char_4011_lessng,models/4011_lessng
default,死芒,Necrass,6,no,,450_necras,build_char_450_necras,models/450_necras
default,水月,Mizuki,6,no,,437_mizuki,build_char_437_mizuki,models/437_mizuki
default,泥岩,Mudrock,6,no,,311_mudrok,build_char_311_mudrok,models/311_mudrok
default,流明,Lumen,6,no,,4042_lumen,build_char_4042_lumen,models/4042_lumen
default,浊心斯卡蒂,Skadi the Corrupting Heart,6,yes,,1012_skadi2,build_char_1012_skadi2,models/1012_skadi2
default,涤火杰西卡,Jessica the Liberated,6,yes,,1034_jesca2,build_char_1034_jesca2,models/1034_jesca2
default,淬羽赫默,Silence the Paradigmatic,6,yes,,1031_slent2,build_char_1031_slent2,models/1031_slent2
default,温蒂,Weedy,6,no,,400_weedy,build_char_400_weedy,models/400_weedy
default,溯光星源,Astgenne the Lightchaser,6,yes,,1047_halo2,build_char_1047_halo2,models/1047_halo2
default,澄闪,Goldenglow,6,no,,377_gdglow,build_char_377_gdglow,models/377_gdglow
default,灰烬,Ash,6,no,,456_ash,build_char_456_ash,models/456_ash
default,灵知,Gnosis,6,no,,206_gnosis,build_char_206_gnosis,models/206_gnosis
default,烛煌,Blaze the Igniting Spark,6,yes,,1040_blaze2,build_char_1040_blaze2,models/1040_blaze2
default,焰尾,Flametail,6,no,,420_flamtl,build_char_420_flamtl,models/420_flamtl
default,焰影苇草,Reed The Flame Shadow,6,yes,,1020_reed2,build_char_1020_reed2,models/1020_reed2
default,焰狐龙梓兰,Violet Mizutsune Orchid,6,yes,,1048_orchd2,build_char_1048_orchd2,models/1048_orchd2
default,煌,Blaze,6,no,,017_huang,build_char_017_huang,models/017_huang
default,玛恩纳,Młynar,6,no,,4064_mlynar,build_char_4064_mlynar,models/4064_mlynar
default,玛露西尔,Marcille,6,no,,4141_marcil,build_char_4141_marcil,models/4141_marcil
default,琳琅诗怀雅,Swire the Elegant Wit,6,yes,,1033_swire2,build_char_1033_swire2,models/1033_swire2
default,琴柳,Saileach,6,no,,479_sleach,build_char_479_sleach,models/479_sleach
default,瑕光,Blemishine,6,no,,423_blemsh,build_char_423_blemsh,models/423_blemsh
default,电弧,Raidian,6,no,,4195_radian,build_char_4195_radian,models/4195_radian
default,白铁,Stainless,6,no,,4072_ironmn,build_char_4072_ironmn,models/4072_ironmn
default,百炼嘉维尔,Gavial the Invincible,6,yes,,1026_gvial2,build_char_1026_gvial2,models/1026_gvial2
default,真言,Mantra,6,no,,4204_mantra,build_char_4204_mantra,models/4204_mantra
default,空弦,Archetto,6,no,,332_archet,build_char_332_archet,models/332_archet
default,纯烬艾雅法拉,Eyjafjalla the Hvít Aska,6,yes,,1016_agoat2,build_char_1016_agoat2,models/1016_agoat2
default,维什戴尔,Wiš'adel,6,yes,,1035_wisdel,build_char_1035_wisdel,models/1035_wisdel
default,维伊,Вий,6,no,,4226_veen,build_char_4226_veen,models/4226_veen
default,维娜·维多利亚,Vina Victoria,6,yes,,1019_siege2,build_char_1019_siege2,models/1019_siege2
default,缄默德克萨斯,Texas the Omertosa,6,yes,,1028_texas2,build_char_1028_texas2,models/1028_texas2
default,缇缇,Titi,6,no,,4056_titi,build_char_4056_titi,models/4056_titi
default,缪尔赛思,Muelsyse,6,no,,249_mlyss,build_char_249_mlyss,models/249_mlyss
default,耀骑士临光,Nearl the Radiant Knight,6,yes,,1014_nearl2,build_char_1014_nearl2,models/1014_nearl2
default,老鲤,Lee,6,no,,322_lmlee,build_char_322_lmlee,models/322_lmlee
default,能天使,Exusiai,6,no,,103_angel,build_char_103_angel,models/103_angel
default,艾丽妮,Irene,6,no,,4009_irene,build_char_4009_irene,models/4009_irene
default,艾拉,Ela,6,no,,4123_ela,build_char_4123_ela,models/4123_ela
default,艾雅法拉,Eyjafjalla,6,no,,180_amgoat,build_char_180_amgoat,models/180_amgoat
default,荒芜拉普兰德,Lappland the Decadenza,6,yes,,1038_whitw2,build_char_1038_whitw2,models/1038_whitw2
default,莫斯提马,Mostima,6,no,,213_mostma,build_char_213_mostma,models/213_mostma
default,莱伊,Ray,6,no,,4117_ray,build_char_4117_ray,models/4117_ray
default,菲亚梅塔,Fiammetta,6,no,,300_phenxi,build_char_300_phenxi,models/300_phenxi
default,蕾缪安,Lemuen,6,no,,4193_lemuen,build_char_4193_lemuen,models/4193_lemuen
default,薇薇安娜,Viviana,6,no,,4098_vvana,build_char_4098_vvana,models/4098_vvana
default,谬因,Aphrissa,6,no,,4229_aphris,build_char_4229_aphris,models/4229_aphris
default,贝洛内,Bellone,6,no,,4037_demetr,build_char_4037_demetr,models/4037_demetr
default,赤刃明霄陈,Ch'en the Dawnstreak,6,yes,,1050_chen3,build_char_1050_chen3,models/1050_chen3
default,赫德雷,Hoederer,6,no,,4088_hodrer,build_char_4088_hodrer,models/4088_hodrer
default,赫拉格,Hellagur,6,no,,188_helage,build_char_188_helage,models/188_helage
default,远牙,Fartooth,6,no,,430_fartth,build_char_430_fartth,models/430_fartth
default,迷迭香,Rosmontis,6,no,,391_rosmon,build_char_391_rosmon,models/391_rosmon
default,逻各斯,Logos,6,no,,4133_logos,build_char_4133_logos,models/4133_logos
default,遥,Haruka,6,no,,4202_haruka,build_char_4202_haruka,models/4202_haruka
default,酒神,Tragodia,6,yes,,1042_phatm2,build_char_1042_phatm2,models/1042_phatm2
default,重岳,Chongyue,6,no,,2024_chyue,build_char_2024_chyue,models/2024_chyue
default,铃兰,Suzuran,6,no,,358_lisa,build_char_358_lisa,models/358_lisa
default,银灰,SilverAsh,6,no,,172_svrash,build_char_172_svrash,models/172_svrash
default,锏,Degenbrecher,6,no,,4116_blkkgt,build_char_4116_blkkgt,models/4116_blkkgt
default,闪灵,Shining,6,no,,147_shining,build_char_147_shining,models/147_shining
default,阿,Aak,6,no,,225_haak,build_char_225_haak,models/225_haak
default,阿斯卡纶,Ascalon,6,no,,4132_ascln,build_char_4132_ascln,models/4132_ascln
default,陈,Ch'en,6,no,,010_chen,build_char_010_chen,models/010_chen
default,隐德来希,Entelechia,6,no,,4010_etlchi,build_char_4010_etlchi,models/4010_etlchi
default,霍尔海雅,Ho'olheyak,6,no,,4027_heyak,build_char_4027_heyak,models/4027_heyak
default,风笛,Bagpipe,6,no,,222_bpipe,build_char_222_bpipe,models/222_bpipe
default,魔王,Civilight Eterna,6,no,,4134_cetsyr,build_char_4134_cetsyr,models/4134_cetsyr
default,鸿雪,Позёмка,6,no,,4055_bgsnow,build_char_4055_bgsnow,models/4055_bgsnow
default,麒麟R夜刀,Kirin R Yato,6,yes,,1029_yato2,build_char_1029_yato2,models/1029_yato2
default,麦哲伦,Magallan,6,no,,248_mgllan,build_char_248_mgllan,models/248_mgllan
default,黍,Shu,6,no,,2025_shu,build_char_2025_shu,models/2025_shu
default,黑,Schwarz,6,no,,340_shwaz,build_char_340_shwaz,models/340_shwaz
default,黑键,Ebenholz,6,no,,4046_ebnhlz,build_char_4046_ebnhlz,models/4046_ebnhlz
skin,Castle-3,Castle-3,1,no,珊瑚海岸/I,286_cast3_summer#1,build_char_286_cast3_summer#1,models/286_cast3_summer#1
skin,Lancet-2,Lancet-2,1,no,斗争血脉/IV,285_medic2_boc#4,build_char_285_medic2_boc#4,models/285_medic2_boc#4
skin,Mon3tr,Mon3tr,6,no,斗争血脉/XI,4179_monstr_boc#11,build_char_4179_monstr_boc#11,models/4179_monstr_boc#11
skin,PhonoR-0,PhonoR-0,1,no,斗争血脉/IX,4136_phonor_boc#9,build_char_4136_phonor_boc#9,models/4136_phonor_boc#9
skin,THRM-EX,Thermal-EX,1,no,玛尔特/VII,376_therex_marthe#7,build_char_376_therex_marthe#7,models/376_therex_marthe#7
skin,U-Official,U-Official,1,no,三丽鸥家族,4091_ulika_sanrio#1,build_char_4091_ulika_sanrio#1,models/4091_ulika_sanrio#1
skin,W,W,6,no,时代/VII,113_cqbw_epoque#7,build_char_113_cqbw_epoque#7,models/113_cqbw_epoque#7
skin,万顷,Wanqing,5,no,时代/XL,4119_wanqin_epoque#41,build_char_4119_wanqin_epoque#41,models/4119_wanqin_epoque#41
skin,三角初华,Misumi Uika,5,no,Ave Mujica,4184_dolris_avemujica#1,build_char_4184_dolris_avemujica#1,models/4184_dolris_avemujica#1
skin,丰川祥子,Togawa Sakiko,6,no,Ave Mujica,4182_oblvns_avemujica#1,build_char_4182_oblvns_avemujica#1,models/4182_oblvns_avemujica#1
skin,临光,Nearl,5,no,珊瑚海岸/II,148_nearl_summer#2,build_char_148_nearl_summer#2,models/148_nearl_summer#2
skin,乌尔比安,Ulpianus,6,no,时代/XLVII,4145_ulpia_epoque#48,build_char_4145_ulpia_epoque#48,models/4145_ulpia_epoque#48
skin,乌有,Mr.Nothing,5,no,0011制造/VI,455_nothin_nian#7,build_char_455_nothin_nian#7,models/455_nothin_nian#7
skin,九色鹿,Nine-Colored Deer,5,no,九色鹿,4019_ncdeer_ncdeer#1,build_char_4019_ncdeer_ncdeer#1,models/4019_ncdeer_ncdeer#1
skin,亚叶,Folinic,5,no,生命之地/IV,345_folnic_wild#4,build_char_345_folnic_wild#4,models/345_folnic_wild#4
skin,仇白,Qiubai,6,no,国家地理,4082_qiubai_ncg#1,build_char_4082_qiubai_ncg#1,models/4082_qiubai_ncg#1
skin,仇白,Qiubai,6,no,时代/XXXI,4082_qiubai_epoque#31,build_char_4082_qiubai_epoque#31,models/4082_qiubai_epoque#31
skin,令,Ling,6,no,0011制造/VIII,2023_ling_nian#9,build_char_2023_ling_nian#9,models/2023_ling_nian#9
skin,令,Ling,6,no,0011制造/XII,2023_ling_nian#12,build_char_2023_ling_nian#12,models/2023_ling_nian#12
skin,令,Ling,6,no,国家地理,2023_ling_ncg#1,build_char_2023_ling_ncg#1,models/2023_ling_ncg#1
skin,伊内丝,Ines,6,no,斗争血脉/VIII,4087_ines_boc#8,build_char_4087_ines_boc#8,models/4087_ines_boc#8
skin,伊内丝,Ines,6,no,音律联觉/V,4087_ines_ambiencesynesthesia#5,build_char_4087_ines_ambiencesynesthesia#5,models/4087_ines_ambiencesynesthesia#5
skin,伊桑,Ethan,4,no,时代/VII,355_ethan_epoque#7,build_char_355_ethan_epoque#7,models/355_ethan_epoque#7
skin,伊芙利特,Ifrit,6,no,珊瑚海岸/I,134_ifrit_summer#1,build_char_134_ifrit_summer#1,models/134_ifrit_summer#1
skin,伊芙利特,Ifrit,6,no,肯德基,134_ifrit_kfc#1,build_char_134_ifrit_kfc#1,models/134_ifrit_kfc#1
skin,伊芙利特,Ifrit,6,no,轻松小熊,134_ifrit_rilakkuma#1,build_char_134_ifrit_rilakkuma#1,models/134_ifrit_rilakkuma#1
skin,休谟斯,Humus,4,no,玛尔特/X,491_humus_marthe#10,build_char_491_humus_marthe#10,models/491_humus_marthe#10
skin,伺夜,Vigil,6,no,时代/XXVII,427_vigil_epoque#27,build_char_427_vigil_epoque#27,models/427_vigil_epoque#27
skin,但书,Proviso,5,no,珊瑚海岸/XVII,4032_provs_summer#17,build_char_4032_provs_summer#17,models/4032_provs_summer#17
skin,但书,Proviso,5,no,生命之地/VII,4032_provs_wild#7,build_char_4032_provs_wild#7,models/4032_provs_wild#7
skin,余,Yu,6,no,0011制造/XII,2026_yu_nian#12,build_char_2026_yu_nian#12,models/2026_yu_nian#12
skin,佩佩,Pepe,6,no,错位巡礼/II,4058_pepe_sightseer#2,build_char_4058_pepe_sightseer#2,models/4058_pepe_sightseer#2
skin,信仰搅拌机,Sankta Miksaparato,6,no,斗争血脉/XII,4194_rmixer_boc#12,build_char_4194_rmixer_boc#12,models/4194_rmixer_boc#12
skin,假日威龙陈,Ch'en the Holungday,6,yes,斗争血脉/VI,1013_chen2_boc#6,build_char_1013_chen2_boc#6,models/1013_chen2_boc#6
skin,假日威龙陈,Ch'en the Holungday,6,yes,珊瑚海岸/XX,1013_chen2_summer#20,build_char_1013_chen2_summer#20,models/1013_chen2_summer#20
skin,傀影,Phantom,6,no,忒斯特收藏/V,250_phatom_sale#4,build_char_250_phatom_sale#4,models/250_phatom_sale#4
skin,傀影,Phantom,6,no,缠梦古堡,250_phatom_ghost#1,build_char_250_phatom_ghost#1,models/250_phatom_ghost#1
skin,克洛丝,Kroos,3,no,巫异盛宴 ,124_kroos_witch#1,build_char_124_kroos_witch#1,models/124_kroos_witch#1
skin,克洛丝,Kroos,3,no,忒斯特收藏/XV,124_kroos_sale#14,build_char_124_kroos_sale#14,models/124_kroos_sale#14
skin,八幡海铃,Yahata Umiri,5,no,Ave Mujica,4186_tmoris_avemujica#1,build_char_4186_tmoris_avemujica#1,models/4186_tmoris_avemujica#1
skin,冰酿,Coldshot,5,no,雷神推进者/III,4104_coldst_striker#3,build_char_4104_coldst_striker#3,models/4104_coldst_striker#3
skin,凛冬,Зима,5,no,i.t,115_headbr_it#1,build_char_115_headbr_it#1,models/115_headbr_it#1
skin,凛冬,Зима,5,no,玛尔特/II,115_headbr_marthe#2,build_char_115_headbr_marthe#2,models/115_headbr_marthe#2
skin,凛视,Valarqvin,5,no,时代/XLI,4102_threye_epoque#42,build_char_4102_threye_epoque#42,models/4102_threye_epoque#42
skin,凯尔希,Kal'tsit,6,no,忒斯特收藏/XVI,003_kalts_sale#14,build_char_003_kalts_sale#14,models/003_kalts_sale#14
skin,凯尔希,Kal'tsit,6,no,斗争血脉/VI,003_kalts_boc#6,build_char_003_kalts_boc#6,models/003_kalts_boc#6
skin,初雪,Pramanix,5,no,冰原信使/I,174_slbell_snow#1,build_char_174_slbell_snow#1,models/174_slbell_snow#1
skin,刺玫,Vendela,5,no,成就之星/X,494_vendla_game#10,build_char_494_vendla_game#10,models/494_vendla_game#10
skin,刻俄柏,Ceobe,6,no,0011/飙系列/II,2013_cerber_whirlwind#2,build_char_2013_cerber_whirlwind#2,models/2013_cerber_whirlwind#2
skin,刻俄柏,Ceobe,6,no,珊瑚海岸/IV,2013_cerber_summer#4,build_char_2013_cerber_summer#4,models/2013_cerber_summer#4
skin,刻刀,Cutter,4,no,玛尔特/VIII,301_cutter_marthe#8,build_char_301_cutter_marthe#8,models/301_cutter_marthe#8
skin,医生,Doc,5,no,彩虹六号：围攻/II,4125_rdoc_rainbow6#2,build_char_4125_rdoc_rainbow6#2,models/4125_rdoc_rainbow6#2
skin,华法琳,Warfarin,5,no,巫异盛宴 ,171_bldsk_witch#1,build_char_171_bldsk_witch#1,models/171_bldsk_witch#1
skin,华法琳,Warfarin,5,no,珊瑚海岸/VII,171_bldsk_summer#7,build_char_171_bldsk_summer#7,models/171_bldsk_summer#7
skin,卡夫卡,Kafka,5,no,冰原信使/III,214_kafka_snow#3,build_char_214_kafka_snow#3,models/214_kafka_snow#3
skin,卡涅利安,Carnelian,6,no,冰原信使/III,426_billro_snow#3,build_char_426_billro_snow#3,models/426_billro_snow#3
skin,卡涅利安,Carnelian,6,no,珊瑚海岸/VIII,426_billro_summer#8,build_char_426_billro_summer#8,models/426_billro_summer#8
skin,卡缇,Cardigan,3,no,冰原信使/I,209_ardign_snow#1,build_char_209_ardign_snow#1,models/209_ardign_snow#1
skin,卡缇,Cardigan,3,no,时代/XXVI,209_ardign_epoque#26,build_char_209_ardign_epoque#26,models/209_ardign_epoque#26
skin,卡达,Click,4,no,巫异盛宴/II,328_cammou_witch#2,build_char_328_cammou_witch#2,models/328_cammou_witch#2
skin,卡达,Click,4,no,珊瑚海岸/XXII,328_cammou_summer#22,build_char_328_cammou_summer#22,models/328_cammou_summer#22
skin,历阵锐枪芬,Fang the Fire-sharpened,5,yes,冰原信使/VIII,1036_fang2_snow#8,build_char_1036_fang2_snow#8,models/1036_fang2_snow#8
skin,双月,Iana,5,no,彩虹六号：围攻/II,4124_iana_rainbow6#2,build_char_4124_iana_rainbow6#2,models/4124_iana_rainbow6#2
skin,古米,Гум,4,no,珊瑚海岸/I,196_sunbr_summer#1,build_char_196_sunbr_summer#1,models/196_sunbr_summer#1
skin,可颂,Croissant,5,no,珊瑚海岸/IV,201_moeshd_summer#4,build_char_201_moeshd_summer#4,models/201_moeshd_summer#4
skin,可颂,Croissant,5,no,肯德基,201_moeshd_kfc#1,build_char_201_moeshd_kfc#1,models/201_moeshd_kfc#1
skin,史尔特尔,Surtr,6,no,i.t,350_surtr_it#1,build_char_350_surtr_it#1,models/350_surtr_it#1
skin,史尔特尔,Surtr,6,no,珊瑚海岸/IX,350_surtr_summer#9,build_char_350_surtr_summer#9,models/350_surtr_summer#9
skin,史尔特尔,Surtr,6,no,音律联觉/VII,350_surtr_ambiencesynesthesia#6,build_char_350_surtr_ambiencesynesthesia#6,models/350_surtr_ambiencesynesthesia#6
skin,史都华德,Steward,3,no,忒斯特收藏/VII,210_stward_sale#6,build_char_210_stward_sale#6,models/210_stward_sale#6
skin,号角,Horn,6,no,时代/XXIV,4039_horn_epoque#24,build_char_4039_horn_epoque#24,models/4039_horn_epoque#24
skin,司霆惊蛰,Leizi the Thunderbringer,6,yes,成就之星/VIII,1043_leizi2_game#8,build_char_1043_leizi2_game#8,models/1043_leizi2_game#8
skin,吽,Hung,5,no,0011制造/III,226_hmau_nian#4,build_char_226_hmau_nian#4,models/226_hmau_nian#4
skin,和弦,Harmonie,5,no,待予花冠/I,297_hamoni_unveiling#1,build_char_297_hamoni_unveiling#1,models/297_hamoni_unveiling#1
skin,和弦,Harmonie,5,no,时代/XXIV,297_hamoni_epoque#24,build_char_297_hamoni_epoque#24,models/297_hamoni_epoque#24
skin,哈洛德,Harold,5,no,冰原信使/VII,4114_harold_snow#7,build_char_4114_harold_snow#7,models/4114_harold_snow#7
skin,嘉维尔,Gavial,4,no,时代/II,187_ccheal_epoque#2,build_char_187_ccheal_epoque#2,models/187_ccheal_epoque#2
skin,四月,April,5,no,生命之地/III,365_aprl_wild#3,build_char_365_aprl_wild#3,models/365_aprl_wild#3
skin,因陀罗,Indra,5,no,雷神推进者/II,155_tiger_striker#2,build_char_155_tiger_striker#2,models/155_tiger_striker#2
skin,图耶,Tuye,5,no,时代/XIV,402_tuye_epoque#14,build_char_402_tuye_epoque#14,models/402_tuye_epoque#14
skin,圣约送葬人,Executor the Ex Foedere,6,yes,三丽鸥家族/II,1032_excu2_sanrio#2,build_char_1032_excu2_sanrio#2,models/1032_excu2_sanrio#2
skin,圣约送葬人,Executor the Ex Foedere,6,yes,忒斯特收藏/XIII,1032_excu2_sale#12,build_char_1032_excu2_sale#12,models/1032_excu2_sale#12
skin,圣聆初雪,Pramanix the Prerita,6,yes,音律联觉/IX,1046_sbell2_ambiencesynesthesia#8,build_char_1046_sbell2_ambiencesynesthesia#8,models/1046_sbell2_ambiencesynesthesia#8
skin,地灵,Earthspirit,4,no,时代/XXX,183_skgoat_epoque#30,build_char_183_skgoat_epoque#30,models/183_skgoat_epoque#30
skin,坚雷,Dur-nar,4,no,时代/XLI,260_durnar_epoque#42,build_char_260_durnar_epoque#42,models/260_durnar_epoque#42
skin,埃拉托,Erato,5,no,冰原信使/V,4043_erato_snow#5,build_char_4043_erato_snow#5,models/4043_erato_snow#5
skin,塑心,Virtuosa,6,no,忒斯特收藏/XIII,245_cello_sale#12,build_char_245_cello_sale#12,models/245_cello_sale#12
skin,塞雷娅,Saria,6,no,忒斯特收藏/III,202_demkni_test#1,build_char_202_demkni_test#1,models/202_demkni_test#1
skin,塞雷娅,Saria,6,no,斗争血脉/I,202_demkni_boc#1,build_char_202_demkni_boc#1,models/202_demkni_boc#1
skin,塞雷娅,Saria,6,no,音律联觉/VIII,202_demkni_ambiencesynesthesia#7,build_char_202_demkni_ambiencesynesthesia#7,models/202_demkni_ambiencesynesthesia#7
skin,夏栎,Quercus,5,no,巫异盛宴/IV,492_quercu_witch#4,build_char_492_quercu_witch#4,models/492_quercu_witch#4
skin,夏栎,Quercus,5,no,时代/XVII,492_quercu_epoque#17,build_char_492_quercu_epoque#17,models/492_quercu_epoque#17
skin,夕,Dusk,6,no,0011制造/VI,2015_dusk_nian#7,build_char_2015_dusk_nian#7,models/2015_dusk_nian#7
skin,夕,Dusk,6,no,0011制造/XII,2015_dusk_nian#12,build_char_2015_dusk_nian#12,models/2015_dusk_nian#12
skin,多萝西,Dorothy,6,no,巫异盛宴/IV,4048_doroth_witch#4,build_char_4048_doroth_witch#4,models/4048_doroth_witch#4
skin,夜半,Blacknight,5,no,0011制造/VII,476_blkngt_nian#8,build_char_476_blkngt_nian#8,models/476_blkngt_nian#8
skin,夜半,Blacknight,5,no,珊瑚海岸/VIII,476_blkngt_summer#8,build_char_476_blkngt_summer#8,models/476_blkngt_summer#8
skin,夜烟,Haze,4,no,破格视界,141_nights_breaker#1,build_char_141_nights_breaker#1,models/141_nights_breaker#1
skin,夜莺,Nightingale,6,no,巫异盛宴 ,179_cgbird_witch#1,build_char_179_cgbird_witch#1,models/179_cgbird_witch#1
skin,夜莺,Nightingale,6,no,错位巡礼/I,179_cgbird_sightseer#1,build_char_179_cgbird_sightseer#1,models/179_cgbird_sightseer#1
skin,夜魔,Nightmare,5,no,待予花冠/II,164_nightm_unveiling#2,build_char_164_nightm_unveiling#2,models/164_nightm_unveiling#2
skin,夜魔,Nightmare,5,no,时代/IV,164_nightm_epoque#5,build_char_164_nightm_epoque#5,models/164_nightm_epoque#5
skin,天火,Skyfire,5,no,珊瑚海岸/I,166_skfire_summer#1,build_char_166_skfire_summer#1,models/166_skfire_summer#1
skin,奥斯塔,Aosta,5,no,成就之星/II,346_aosta_game#2,build_char_346_aosta_game#2,models/346_aosta_game#2
skin,奥达,Odda,5,no,0011/飙系列/VIII,4131_odda_whirlwind#8,build_char_4131_odda_whirlwind#8,models/4131_odda_whirlwind#8
skin,妮芙,Nymph,6,no,时代/XLI,4146_nymph_epoque#42,build_char_4146_nymph_epoque#42,models/4146_nymph_epoque#42
skin,妮芙,Nymph,6,no,音律联觉/VII,4146_nymph_ambiencesynesthesia#6,build_char_4146_nymph_ambiencesynesthesia#6,models/4146_nymph_ambiencesynesthesia#6
skin,娜仁图亚,Narantuya,6,no,小马宝莉,4138_narant_littlepony#1,build_char_4138_narant_littlepony#1,models/4138_narant_littlepony#1
skin,娜仁图亚,Narantuya,6,no,破格视界,4138_narant_breaker#1,build_char_4138_narant_breaker#1,models/4138_narant_breaker#1
skin,子月,Lunacub,5,no,0011/韵系列/I,4014_lunacu_yun#1,build_char_4014_lunacu_yun#1,models/4014_lunacu_yun#1
skin,孑,Jaye,4,no,珊瑚海岸/VI,272_strong_summer#6,build_char_272_strong_summer#6,models/272_strong_summer#6
skin,守林人,Firewatch,5,no,冰原信使/II,158_milu_snow#2,build_char_158_milu_snow#2,models/158_milu_snow#2
skin,守林人,Firewatch,5,no,生命之地/II,158_milu_wild#2,build_char_158_milu_wild#2,models/158_milu_wild#2
skin,安哲拉,Andreana,5,no,时代/XII,218_cuttle_epoque#12,build_char_218_cuttle_epoque#12,models/218_cuttle_epoque#12
skin,安德切尔,Adnachiel,3,no,忒斯特收藏/VI,211_adnach_sale#5,build_char_211_adnach_sale#5,models/211_adnach_sale#5
skin,安比尔,Ambriel,4,no,珊瑚海岸/XI,302_glaze_summer#11,build_char_302_glaze_summer#11,models/302_glaze_summer#11
skin,安洁莉娜,Angelina,6,no,斗争血脉/I,291_aglina_boc#1,build_char_291_aglina_boc#1,models/291_aglina_boc#1
skin,安洁莉娜,Angelina,6,no,珊瑚海岸/V,291_aglina_summer#5,build_char_291_aglina_summer#5,models/291_aglina_summer#5
skin,安赛尔,Ansel,3,no,时代/XXIX,212_ansel_epoque#29,build_char_212_ansel_epoque#29,models/212_ansel_epoque#29
skin,安赛尔,Ansel,3,no,珊瑚海岸/I,212_ansel_summer#1,build_char_212_ansel_summer#1,models/212_ansel_summer#1
skin,宴,Utage,4,no,时代/XV,337_utage_epoque#15,build_char_337_utage_epoque#15,models/337_utage_epoque#15
skin,宴,Utage,4,no,珊瑚海岸/IV,337_utage_summer#4,build_char_337_utage_summer#4,models/337_utage_summer#4
skin,寒檀,Santalla,5,no,珊瑚海岸/XV,341_sntlla_summer#15,build_char_341_sntlla_summer#15,models/341_sntlla_summer#15
skin,寒芒克洛丝,Kroos the Keen Glint,5,yes,0011制造/VII,1021_kroos2_nian#8,build_char_1021_kroos2_nian#8,models/1021_kroos2_nian#8
skin,寒芒克洛丝,Kroos the Keen Glint,5,yes,成就之星/III,1021_kroos2_game#3,build_char_1021_kroos2_game#3,models/1021_kroos2_game#3
skin,寻澜,Surfer,5,no,0011制造/XII,4052_surfer_nian#12,build_char_4052_surfer_nian#12,models/4052_surfer_nian#12
skin,小满,Grain Buds,5,no,0011/韵系列/III,4122_grabds_yun#3,build_char_4122_grabds_yun#3,models/4122_grabds_yun#3
skin,山,Mountain,6,no,斗争血脉/III,264_f12yin_boc#3,build_char_264_f12yin_boc#3,models/264_f12yin_boc#3
skin,山,Mountain,6,no,时代/XV,264_f12yin_epoque#15,build_char_264_f12yin_epoque#15,models/264_f12yin_epoque#15
skin,山,Mountain,6,no,玛尔特/XIII,264_f12yin_marthe#13,build_char_264_f12yin_marthe#13,models/264_f12yin_marthe#13
skin,崖心,Cliffheart,5,no,WWF,173_slchan_wwf#1,build_char_173_slchan_wwf#1,models/173_slchan_wwf#1
skin,崖心,Cliffheart,5,no,生命之地/I,173_slchan_wild#1,build_char_173_slchan_wild#1,models/173_slchan_wild#1
skin,嵯峨,Saga,6,no,忒斯特收藏/X,362_saga_sale#9,build_char_362_saga_sale#9,models/362_saga_sale#9
skin,左乐,Zuo Le,6,no,0011制造/XI,4121_zuole_nian#11,build_char_4121_zuole_nian#11,models/4121_zuole_nian#11
skin,左乐,Zuo Le,6,no,忒斯特收藏/XVIII,4121_zuole_sale#16,build_char_4121_zuole_sale#16,models/4121_zuole_sale#16
skin,巫恋,Shamare,5,no,0011/韵系列/VIII,254_vodfox_yun#8,build_char_254_vodfox_yun#8,models/254_vodfox_yun#8
skin,巫恋,Shamare,5,no,巫异盛宴/II,254_vodfox_witch#2,build_char_254_vodfox_witch#2,models/254_vodfox_witch#2
skin,布丁,Pudding,4,no,冰原信使/V,4004_pudd_snow#5,build_char_4004_pudd_snow#5,models/4004_pudd_snow#5
skin,布洛卡,Broca,5,no,玛尔特/IV,356_broca_marthe#4,build_char_356_broca_marthe#4,models/356_broca_marthe#4
skin,帕拉斯,Pallas,6,no,时代/XII,485_pallas_epoque#12,build_char_485_pallas_epoque#12,models/485_pallas_epoque#12
skin,帕拉斯,Pallas,6,no,时代/XIX,485_pallas_epoque#19,build_char_485_pallas_epoque#19,models/485_pallas_epoque#19
skin,年,Nian,6,no,0011制造/III,2014_nian_nian#4,build_char_2014_nian_nian#4,models/2014_nian_nian#4
skin,年,Nian,6,no,中国电影资料馆,2014_nian_cfa#1,build_char_2014_nian_cfa#1,models/2014_nian_cfa#1
skin,幽灵鲨,Specter,5,no,寒武纪/I,143_ghost_winter#1,build_char_143_ghost_winter#1,models/143_ghost_winter#1
skin,异客,Passenger,6,no,时代/XVII,472_pasngr_epoque#17,build_char_472_pasngr_epoque#17,models/472_pasngr_epoque#17
skin,弑君者,Crownslayer,6,no,命途迭代/V,1502_crosly_iteration#5,build_char_1502_crosly_iteration#5,models/1502_crosly_iteration#5
skin,引星棘刺,Thorns the Lodestar,6,yes,玛尔特/IX,1039_thorn2_marthe#9,build_char_1039_thorn2_marthe#9,models/1039_thorn2_marthe#9
skin,归溟幽灵鲨,Specter the Unchained,6,yes,斗争血脉/VI,1023_ghost2_boc#6,build_char_1023_ghost2_boc#6,models/1023_ghost2_boc#6
skin,微风,Breeze,5,no,待予花冠/IV,275_breeze_unveiling#4,build_char_275_breeze_unveiling#4,models/275_breeze_unveiling#4
skin,德克萨斯,Texas,5,no,寒武纪/I,102_texas_winter#1,build_char_102_texas_winter#1,models/102_texas_winter#1
skin,德克萨斯,Texas,5,no,时代/VII,102_texas_epoque#7,build_char_102_texas_epoque#7,models/102_texas_epoque#7
skin,忍冬,Vulpisfoglia,6,no,时代/LV,4026_vulpis_epoque#55,build_char_4026_vulpis_epoque#55,models/4026_vulpis_epoque#55
skin,惊蛰,Leizi,5,no,成就之星/III,306_leizi_game#3,build_char_306_leizi_game#3,models/306_leizi_game#3
skin,慑砂,Sesa,5,no,成就之星/V,379_sesa_game#5,build_char_379_sesa_game#5,models/379_sesa_game#5
skin,慕斯,Mousse,4,no,玛尔特/XII,185_frncat_marthe#12,build_char_185_frncat_marthe#12,models/185_frncat_marthe#12
skin,慕斯,Mousse,4,no,生命之地/VII,185_frncat_wild#7,build_char_185_frncat_wild#7,models/185_frncat_wild#7
skin,战车,Tachanka,5,no,彩虹六号：围攻,459_tachak_rainbow6#1,build_char_459_tachak_rainbow6#1,models/459_tachak_rainbow6#1
skin,截云,Jieyun,5,no,0011/韵系列/II,4078_bdhkgt_yun#2,build_char_4078_bdhkgt_yun#2,models/4078_bdhkgt_yun#2
skin,承曦格雷伊,Greyy the Lightningbearer,5,yes,冰原信使/V,1027_greyy2_snow#5,build_char_1027_greyy2_snow#5,models/1027_greyy2_snow#5
skin,承曦格雷伊,Greyy the Lightningbearer,5,yes,破格视界,1027_greyy2_breaker#1,build_char_1027_greyy2_breaker#1,models/1027_greyy2_breaker#1
skin,折光,Diamante,5,no,时代/XXXVII,499_kaitou_epoque#37,build_char_499_kaitou_epoque#37,models/499_kaitou_epoque#37
skin,折桠,Веточки,5,no,0011/韵系列/X,4207_branch_yun#10,build_char_4207_branch_yun#10,models/4207_branch_yun#10
skin,拉普兰德,Lappland,5,no,斗争血脉/I,140_whitew_boc#1,build_char_140_whitew_boc#1,models/140_whitew_boc#1
skin,拜松,Bison,5,no,0011/韵系列/VII,325_bison_yun#7,build_char_325_bison_yun#7,models/325_bison_yun#7
skin,推进之王,Siege,6,no,生命之地/II,112_siege_wild#2,build_char_112_siege_wild#2,models/112_siege_wild#2
skin,推进之王,Siege,6,no,雷神推进者/II,112_siege_striker#2,build_char_112_siege_striker#2,models/112_siege_striker#2
skin,提丰,Typhon,6,no,珊瑚海岸/XVII,2012_typhon_summer#17,build_char_2012_typhon_summer#17,models/2012_typhon_summer#17
skin,提丰,Typhon,6,no,生命之地/IX,2012_typhon_wild#9,build_char_2012_typhon_wild#9,models/2012_typhon_wild#9
skin,摩根,Morgan,5,no,时代/XLVI,154_morgan_epoque#47,build_char_154_morgan_epoque#47,models/154_morgan_epoque#47
skin,斑点,Spot,3,no,斗争血脉/III,284_spot_boc#3,build_char_284_spot_boc#3,models/284_spot_boc#3
skin,斥罪,Penance,6,no,冰原信使/VI,4065_judge_snow#6,build_char_4065_judge_snow#6,models/4065_judge_snow#6
skin,斥罪,Penance,6,no,时代/XXXIII,4065_judge_epoque#33,build_char_4065_judge_epoque#33,models/4065_judge_epoque#33
skin,断崖,Ayerscarpe,5,no,斗争血脉/III,294_ayer_boc#3,build_char_294_ayer_boc#3,models/294_ayer_boc#3
skin,断罪者,Conviction,4,no,成就之星,159_peacok_game#1,build_char_159_peacok_game#1,models/159_peacok_game#1
skin,斯卡蒂,Skadi,6,no,玛尔特/V,263_skadi_marthe#5,build_char_263_skadi_marthe#5,models/263_skadi_marthe#5
skin,斯卡蒂,Skadi,6,no,珊瑚海岸/III,263_skadi_summer#3,build_char_263_skadi_summer#3,models/263_skadi_summer#3
skin,新约能天使,Exusiai the New Covenant,6,yes,命途迭代/VI,1041_angel2_iteration#6,build_char_1041_angel2_iteration#6,models/1041_angel2_iteration#6
skin,早露,Роса,6,no,时代/XII,197_poca_epoque#12,build_char_197_poca_epoque#12,models/197_poca_epoque#12
skin,早露,Роса,6,no,轻松小熊,197_poca_rilakkuma#1,build_char_197_poca_rilakkuma#1,models/197_poca_rilakkuma#1
skin,明椒,Paprika,5,no,0011/飙系列/Ⅴ,4071_peper_whirlwind#5,build_char_4071_peper_whirlwind#5,models/4071_peper_whirlwind#5
skin,星极,Astesia,5,no,时代/V,274_astesi_epoque#5,build_char_274_astesi_epoque#5,models/274_astesi_epoque#5
skin,星极,Astesia,5,no,时代/XXIII,274_astesi_epoque#23,build_char_274_astesi_epoque#23,models/274_astesi_epoque#23
skin,星极,Astesia,5,no,闪耀阶梯,274_astesi_shining#1,build_char_274_astesi_shining#1,models/274_astesi_shining#1
skin,星源,Astgenne,5,no,时代/XXV,135_halo_epoque#25,build_char_135_halo_epoque#25,models/135_halo_epoque#25
skin,星熊,Hoshiguma,6,no,0011/飙系列,136_hsguma_nian#3,build_char_136_hsguma_nian#3,models/136_hsguma_nian#3
skin,星熊,Hoshiguma,6,no,珊瑚海岸/XVI,136_hsguma_summer#16,build_char_136_hsguma_summer#16,models/136_hsguma_summer#16
skin,晓歌,Cantabile,5,no,0011制造/VIII,497_ctable_nian#9,build_char_497_ctable_nian#9,models/497_ctable_nian#9
skin,晓歌,Cantabile,5,no,时代/XLIII,497_ctable_epoque#44,build_char_497_ctable_epoque#44,models/497_ctable_epoque#44
skin,普罗旺斯,Provence,5,no,珊瑚海岸/III,145_prove_summer#3,build_char_145_prove_summer#3,models/145_prove_summer#3
skin,普罗旺斯,Provence,5,no,生命之地/V,145_prove_wild#5,build_char_145_prove_wild#5,models/145_prove_wild#5
skin,暗索,Rope,4,no,巫异盛宴 ,236_rope_witch#1,build_char_236_rope_witch#1,models/236_rope_witch#1
skin,暗索,Rope,4,no,珊瑚海岸/II,236_rope_summer#2,build_char_236_rope_summer#2,models/236_rope_summer#2
skin,暮落,Shalem,5,no,0011/飙系列/Ⅴ,4025_aprot2_whirlwind#5,build_char_4025_aprot2_whirlwind#5,models/4025_aprot2_whirlwind#5
skin,暴行,Savage,5,no,忒斯特收藏/XIX,230_savage_sale#17,build_char_230_savage_sale#17,models/230_savage_sale#17
skin,暴行,Savage,5,no,斗争血脉/VIII,230_savage_boc#8,build_char_230_savage_boc#8,models/230_savage_boc#8
skin,暴行,Savage,5,no,罗德厨房/III,230_savage_kitchen#3,build_char_230_savage_kitchen#3,models/230_savage_kitchen#3
skin,暴雨,Heavyrain,5,no,生命之地/VI,304_zebra_wild#6,build_char_304_zebra_wild#6,models/304_zebra_wild#6
skin,月禾,Tsukinogi,5,no,冰原信使/VI,343_tknogi_snow#6,build_char_343_tknogi_snow#6,models/343_tknogi_snow#6
skin,月禾,Tsukinogi,5,no,时代/IX,343_tknogi_epoque#9,build_char_343_tknogi_epoque#9,models/343_tknogi_epoque#9
skin,月见夜,Midnight,3,no,斗争血脉/I,283_midn_boc#1,build_char_283_midn_boc#1,models/283_midn_boc#1
skin,末药,Myrrh,4,no,生命之地/I,117_myrrh_wild#1,build_char_117_myrrh_wild#1,models/117_myrrh_wild#1
skin,杏仁,Almond,5,no,0011制造/XI,4105_almond_epoque#38,build_char_4105_almond_epoque#38,models/4105_almond_epoque#38
skin,杜宾,Dobermann,4,no,时代/VII,130_doberm_epoque#7,build_char_130_doberm_epoque#7,models/130_doberm_epoque#7
skin,杰克,Jackie,4,no,0011/飙系列/II,347_jaksel_whirlwind#2,build_char_347_jaksel_whirlwind#2,models/347_jaksel_whirlwind#2
skin,杰西卡,Jessica,4,no,0011制造/II,235_jesica_nian#2,build_char_235_jesica_nian#2,models/235_jesica_nian#2
skin,杰西卡,Jessica,4,no,生命之地/II,235_jesica_wild#2,build_char_235_jesica_wild#2,models/235_jesica_wild#2
skin,杰西卡,Jessica,4,no,雷神开拓者,235_jesica_sweep#1,build_char_235_jesica_sweep#1,models/235_jesica_sweep#1
skin,松果,Pinecone,4,no,时代/XXXI,440_pinecn_epoque#31,build_char_440_pinecn_epoque#31,models/440_pinecn_epoque#31
skin,松果,Pinecone,4,no,闪耀阶梯,440_pinecn_shining#1,build_char_440_pinecn_shining#1,models/440_pinecn_shining#1
skin,极光,Aurora,5,no,斗争血脉/IV,422_aurora_boc#4,build_char_422_aurora_boc#4,models/422_aurora_boc#4
skin,极境,Elysium,5,no,冰原信使/II,401_elysm_snow#2,build_char_401_elysm_snow#2,models/401_elysm_snow#2
skin,极境,Elysium,5,no,珊瑚海岸/IX,401_elysm_summer#9,build_char_401_elysm_summer#9,models/401_elysm_summer#9
skin,林,Lin,6,no,0011制造/IX,4080_lin_nian#10,build_char_4080_lin_nian#10,models/4080_lin_nian#10
skin,林,Lin,6,no,小马宝莉,4080_lin_littlepony#1,build_char_4080_lin_littlepony#1,models/4080_lin_littlepony#1
skin,林,Lin,6,no,珊瑚海岸/XIX,4080_lin_summer#19,build_char_4080_lin_summer#19,models/4080_lin_summer#19
skin,柏喙,Bibeak,5,no,寒武纪/II,252_bibeak_winter#2,build_char_252_bibeak_winter#2,models/252_bibeak_winter#2
skin,格劳克斯,Glaucus,5,no,缠梦古堡,326_glacus_ghost#1,build_char_326_glacus_ghost#1,models/326_glacus_ghost#1
skin,格拉尼,Grani,5,no,时代/VI,220_grani_epoque#6,build_char_220_grani_epoque#6,models/220_grani_epoque#6
skin,格雷伊,Greyy,4,no,时代/LI,253_greyy_epoque#515,build_char_253_greyy_epoque#515,models/253_greyy_epoque#515
skin,格雷伊,Greyy,4,no,时代/VIII,253_greyy_epoque#8,build_char_253_greyy_epoque#8,models/253_greyy_epoque#8
skin,桃金娘,Myrtle,4,no,太鼓之达人,151_myrtle_taiko#1,build_char_151_myrtle_taiko#1,models/151_myrtle_taiko#1
skin,桃金娘,Myrtle,4,no,时代/XII,151_myrtle_epoque#12,build_char_151_myrtle_epoque#12,models/151_myrtle_epoque#12
skin,桃金娘,Myrtle,4,no,珊瑚海岸/XII,151_myrtle_summer#12,build_char_151_myrtle_summer#12,models/151_myrtle_summer#12
skin,桑葚,Mulberry,5,no,0011制造/VIII,473_mberry_nian#9,build_char_473_mberry_nian#9,models/473_mberry_nian#9
skin,桑葚,Mulberry,5,no,时代/XIV,473_mberry_epoque#14,build_char_473_mberry_epoque#14,models/473_mberry_epoque#14
skin,梅,May,4,no,珊瑚海岸/XX,133_mm_summer#20,build_char_133_mm_summer#20,models/133_mm_summer#20
skin,梅尔,Mayer,5,no,缠梦古堡,242_otter_ghost#1,build_char_242_otter_ghost#1,models/242_otter_ghost#1
skin,梓兰,Orchid,3,no,斗争血脉/VI,278_orchid_boc#6,build_char_278_orchid_boc#6,models/278_orchid_boc#6
skin,棘刺,Thorns,6,no,i.t,293_thorns_it#1,build_char_293_thorns_it#1,models/293_thorns_it#1
skin,棘刺,Thorns,6,no,斗争血脉/VIII,293_thorns_boc#8,build_char_293_thorns_boc#8,models/293_thorns_boc#8
skin,森蚺,Eunectes,6,no,斗争血脉/III,416_zumama_boc#3,build_char_416_zumama_boc#3,models/416_zumama_boc#3
skin,槐琥,Waai Fu,5,no,0011/飙系列/II,243_waaifu_whirlwind#2,build_char_243_waaifu_whirlwind#2,models/243_waaifu_whirlwind#2
skin,歌蕾蒂娅,Gladiia,6,no,斗争血脉/V,474_glady_boc#5,build_char_474_glady_boc#5,models/474_glady_boc#5
skin,歌蕾蒂娅,Gladiia,6,no,时代/XXXIII,474_glady_epoque#33,build_char_474_glady_epoque#33,models/474_glady_epoque#33
skin,止颂,Lessing,6,no,0011/飙系列/VII,4011_lessng_whirlwind#7,build_char_4011_lessng_whirlwind#7,models/4011_lessng_whirlwind#7
skin,正义骑士号,"""Justice Knight""",1,no,斗争血脉/VII,4000_jnight_boc#7,build_char_4000_jnight_boc#7,models/4000_jnight_boc#7
skin,死芒,Necrass,6,no,珊瑚海岸/XX,450_necras_summer#20,build_char_450_necras_summer#20,models/450_necras_summer#20
skin,死芒,Necrass,6,no,音律联觉/VIII,450_necras_ambiencesynesthesia#7,build_char_450_necras_ambiencesynesthesia#7,models/450_necras_ambiencesynesthesia#7
skin,水月,Mizuki,6,no,忒斯特收藏/VIII,437_mizuki_sale#7,build_char_437_mizuki_sale#7,models/437_mizuki_sale#7
skin,水月,Mizuki,6,no,成就之星/VI,437_mizuki_game#6,build_char_437_mizuki_game#6,models/437_mizuki_game#6
skin,水灯心,Brigid,5,no,时代/LIII,4177_brigid_epoque#53,build_char_4177_brigid_epoque#53,models/4177_brigid_epoque#53
skin,泡普卡,Popukar,3,no,巫异盛宴/V,281_popka_witch#5,build_char_281_popka_witch#5,models/281_popka_witch#5
skin,泡普卡,Popukar,3,no,忒斯特收藏/XX,281_popka_sale#18,build_char_281_popka_sale#18,models/281_popka_sale#18
skin,泡泡,Bubble,4,no,玛尔特/XI,381_bubble_marthe#11,build_char_381_bubble_marthe#11,models/381_bubble_marthe#11
skin,波卜,Bobbing,5,no,罗德厨房/IV,487_bobb_kitchen#4,build_char_487_bobb_kitchen#4,models/487_bobb_kitchen#4
skin,波登可,Podenco,4,no,时代/IX,258_podego_epoque#9,build_char_258_podego_epoque#9,models/258_podego_epoque#9
skin,泥岩,Mudrock,6,no,珊瑚海岸/VI,311_mudrok_summer#6,build_char_311_mudrok_summer#6,models/311_mudrok_summer#6
skin,泥岩,Mudrock,6,no,生命之地/X,311_mudrok_wild#10,build_char_311_mudrok_wild#10,models/311_mudrok_wild#10
skin,泥岩,Mudrock,6,no,音律联觉/II,311_mudrok_ambiencesynesthesia#2,build_char_311_mudrok_ambiencesynesthesia#2,models/311_mudrok_ambiencesynesthesia#2
skin,泰拉大陆调查团,Terra Research Commission,1,no,怪物猎人,4077_palico_mh#1,build_char_4077_palico_mh#1,models/4077_palico_mh#1
skin,洋灰,Cement,5,no,时代/XXXI,464_cement_epoque#31,build_char_464_cement_epoque#31,models/464_cement_epoque#31
skin,洛洛,Rockrock,5,no,罗小黑战记,4040_rockr_lxh#1,build_char_4040_rockr_lxh#1,models/4040_rockr_lxh#1
skin,流明,Lumen,6,no,三丽鸥家族/II,4042_lumen_sanrio#2,build_char_4042_lumen_sanrio#2,models/4042_lumen_sanrio#2
skin,流明,Lumen,6,no,音律联觉/III,4042_lumen_ambiencesynesthesia#3,build_char_4042_lumen_ambiencesynesthesia#3,models/4042_lumen_ambiencesynesthesia#3
skin,流星,Meteor,4,no,时代/X,126_shotst_epoque#10,build_char_126_shotst_epoque#10,models/126_shotst_epoque#10
skin,流星,Meteor,4,no,时代/XXVIII,126_shotst_epoque#28,build_char_126_shotst_epoque#28,models/126_shotst_epoque#28
skin,浊心斯卡蒂,Skadi the Corrupting Heart,6,yes,命途迭代/II,1012_skadi2_iteration#2,build_char_1012_skadi2_iteration#2,models/1012_skadi2_iteration#2
skin,浊心斯卡蒂,Skadi the Corrupting Heart,6,yes,斗争血脉/IV,1012_skadi2_boc#4,build_char_1012_skadi2_boc#4,models/1012_skadi2_boc#4
skin,海沫,Highmore,5,no,0011制造/IX,4066_highmo_nian#10,build_char_4066_highmo_nian#10,models/4066_highmo_nian#10
skin,海沫,Highmore,5,no,时代/XLIV,4066_highmo_epoque#45,build_char_4066_highmo_epoque#45,models/4066_highmo_epoque#45
skin,海蒂,Heidi,5,no,时代/XXIV,4045_heidi_epoque#24,build_char_4045_heidi_epoque#24,models/4045_heidi_epoque#24
skin,海霓,Lucilla,5,no,时代/XLIV,4079_haini_epoque#45,build_char_4079_haini_epoque#45,models/4079_haini_epoque#45
skin,涤火杰西卡,Jessica the Liberated,6,yes,中国电影资料馆,1034_jesca2_cfa#1,build_char_1034_jesca2_cfa#1,models/1034_jesca2_cfa#1
skin,淬羽赫默,Silence the Paradigmatic,6,yes,时代/XXXII,1031_slent2_epoque#32,build_char_1031_slent2_epoque#32,models/1031_slent2_epoque#32
skin,深巡,Underflow,5,no,时代/XLV,4137_udflow_epoque#46,build_char_4137_udflow_epoque#46,models/4137_udflow_epoque#46
skin,深律,Bassline,5,no,巫异盛宴/V,4109_baslin_witch#5,build_char_4109_baslin_witch#5,models/4109_baslin_witch#5
skin,深海色,Deepcolor,4,no,寒武纪/III,110_deepcl_winter#3,build_char_110_deepcl_winter#3,models/110_deepcl_winter#3
skin,深靛,Indigo,4,no,0011制造/VI,469_indigo_nian#7,build_char_469_indigo_nian#7,models/469_indigo_nian#7
skin,清流,Purestream,4,no,0011制造/X,385_finlpp_nian#11,build_char_385_finlpp_nian#11,models/385_finlpp_nian#11
skin,清道夫,Scavenger,4,no,雷神推进者/II,149_scave_striker#2,build_char_149_scave_striker#2,models/149_scave_striker#2
skin,渡桥,Mitm,5,no,破格视界,4147_mitm_breaker#1,build_char_4147_mitm_breaker#1,models/4147_mitm_breaker#1
skin,温米,Warmy,5,no,寒武纪/IV,4081_warmy_winter#4,build_char_4081_warmy_winter#4,models/4081_warmy_winter#4
skin,温蒂,Weedy,6,no,冰原信使/II,400_weedy_snow#2,build_char_400_weedy_snow#2,models/400_weedy_snow#2
skin,温蒂,Weedy,6,no,错位巡礼/I,400_weedy_sightseer#1,build_char_400_weedy_sightseer#1,models/400_weedy_sightseer#1
skin,澄闪,Goldenglow,6,no,三丽鸥家族,377_gdglow_sanrio#1,build_char_377_gdglow_sanrio#1,models/377_gdglow_sanrio#1
skin,澄闪,Goldenglow,6,no,冰原信使/V,377_gdglow_snow#5,build_char_377_gdglow_snow#5,models/377_gdglow_snow#5
skin,澄闪,Goldenglow,6,no,珊瑚海岸/XII,377_gdglow_summer#12,build_char_377_gdglow_summer#12,models/377_gdglow_summer#12
skin,濯尘芙蓉,Hibiscus the Purifier,5,yes,待予花冠/II,1024_hbisc2_unveiling#2,build_char_1024_hbisc2_unveiling#2,models/1024_hbisc2_unveiling#2
skin,火神,Vulcan,5,no,斗争血脉/X,163_hpsts_boc#10,build_char_163_hpsts_boc#10,models/163_hpsts_boc#10
skin,灰喉,GreyThroat,5,no,斗争血脉/I,367_swllow_boc#1,build_char_367_swllow_boc#1,models/367_swllow_boc#1
skin,灰毫,Ashlock,5,no,时代/XXVIII,431_ashlok_epoque#28,build_char_431_ashlok_epoque#28,models/431_ashlok_epoque#28
skin,灰烬,Ash,6,no,彩虹六号：围攻,456_ash_rainbow6#1,build_char_456_ash_rainbow6#1,models/456_ash_rainbow6#1
skin,灵知,Gnosis,6,no,斗争血脉/IV,206_gnosis_boc#4,build_char_206_gnosis_boc#4,models/206_gnosis_boc#4
skin,炎客,Flamebringer,5,no,0011/飙系列/VI,131_flameb_whirlwind#6,build_char_131_flameb_whirlwind#6,models/131_flameb_whirlwind#6
skin,炎客,Flamebringer,5,no,珊瑚海岸/VIII,131_flameb_summer#8,build_char_131_flameb_summer#8,models/131_flameb_summer#8
skin,炎熔,Lava,3,no,忒斯特收藏/X,121_lava_sale#9,build_char_121_lava_sale#9,models/121_lava_sale#9
skin,炎狱炎熔,Lava the Purgatory,5,yes,0011/飙系列/IX,1011_lava2_whirlwind#9,build_char_1011_lava2_whirlwind#9,models/1011_lava2_whirlwind#9
skin,炎狱炎熔,Lava the Purgatory,5,yes,0011制造/V,1011_lava2_nian#6,build_char_1011_lava2_nian#6,models/1011_lava2_nian#6
skin,烛煌,Blaze the Igniting Spark,6,yes,寒武纪/V,1040_blaze2_winter#5,build_char_1040_blaze2_winter#5,models/1040_blaze2_winter#5
skin,焰尾,Flametail,6,no,成就之星/II,420_flamtl_game#2,build_char_420_flamtl_game#2,models/420_flamtl_game#2
skin,焰影苇草,Reed The Flame Shadow,6,yes,冰原信使/VIII,1020_reed2_snow#8,build_char_1020_reed2_snow#8,models/1020_reed2_snow#8
skin,焰影苇草,Reed The Flame Shadow,6,yes,时代/XXX,1020_reed2_epoque#30,build_char_1020_reed2_epoque#30,models/1020_reed2_epoque#30
skin,焰影苇草,Reed The Flame Shadow,6,yes,珊瑚海岸/XVII,1020_reed2_summer#17,build_char_1020_reed2_summer#17,models/1020_reed2_summer#17
skin,煌,Blaze,6,no,巫异盛宴/V,017_huang_witch#5,build_char_017_huang_witch#5,models/017_huang_witch#5
skin,煌,Blaze,6,no,音律联觉,017_huang_as#1,build_char_017_huang_as#1,models/017_huang_as#1
skin,燧石,Flint,5,no,斗争血脉/III,415_flint_boc#3,build_char_415_flint_boc#3,models/415_flint_boc#3
skin,爱丽丝,Iris,5,no,巫异盛宴/III,338_iris_witch#3,build_char_338_iris_witch#3,models/338_iris_witch#3
skin,特米米,Tomimi,5,no,珊瑚海岸/V,411_tomimi_summer#5,build_char_411_tomimi_summer#5,models/411_tomimi_summer#5
skin,狮蝎,Manticore,5,no,时代/IV,215_mantic_epoque#4,build_char_215_mantic_epoque#4,models/215_mantic_epoque#4
skin,狮蝎,Manticore,5,no,时代/XX,215_mantic_epoque#19,build_char_215_mantic_epoque#19,models/215_mantic_epoque#19
skin,猎蜂,Beehunter,4,no,罗德厨房,137_brownb_kitchen#1,build_char_137_brownb_kitchen#1,models/137_brownb_kitchen#1
skin,玛恩纳,Młynar,6,no,命途迭代/III,4064_mlynar_iteration#3,build_char_4064_mlynar_iteration#3,models/4064_mlynar_iteration#3
skin,玛恩纳,Młynar,6,no,时代/XXVIII,4064_mlynar_epoque#28,build_char_4064_mlynar_epoque#28,models/4064_mlynar_epoque#28
skin,玛露西尔,Marcille,6,no,迷宫饭,4141_marcil_dungeon#1,build_char_4141_marcil_dungeon#1,models/4141_marcil_dungeon#1
skin,玫兰莎,Melantha,3,no,时代/I,208_melan_epoque#1,build_char_208_melan_epoque#1,models/208_melan_epoque#1
skin,玫拉,Melanite,5,no,时代/XXXIII,4006_melnte_epoque#33,build_char_4006_melnte_epoque#33,models/4006_melnte_epoque#33
skin,琳琅诗怀雅,Swire the Elegant Wit,6,yes,音律联觉/IV,1033_swire2_ambiencesynesthesia#4,build_char_1033_swire2_ambiencesynesthesia#4,models/1033_swire2_ambiencesynesthesia#4
skin,琴柳,Saileach,6,no,时代/XIV,479_sleach_epoque#14,build_char_479_sleach_epoque#14,models/479_sleach_epoque#14
skin,琴柳,Saileach,6,no,珊瑚海岸/XI,479_sleach_summer#11,build_char_479_sleach_summer#11,models/479_sleach_summer#11
skin,瑕光,Blemishine,6,no,小马宝莉,423_blemsh_littlepony#1,build_char_423_blemsh_littlepony#1,models/423_blemsh_littlepony#1
skin,瑕光,Blemishine,6,no,巫异盛宴/II,423_blemsh_witch#2,build_char_423_blemsh_witch#2,models/423_blemsh_witch#2
skin,瑰盐,Rose Salt,5,no,成就之星/VII,4163_rosesa_game#7,build_char_4163_rosesa_game#7,models/4163_rosesa_game#7
skin,电弧,Raidian,6,no,成就之星/VIII,4195_radian_game#8,build_char_4195_radian_game#8,models/4195_radian_game#8
skin,白金,Platinum,5,no,珊瑚海岸/III,204_platnm_summer#3,build_char_204_platnm_summer#3,models/204_platnm_summer#3
skin,白铁,Stainless,6,no,珊瑚海岸/XI,4072_ironmn_summer#11,build_char_4072_ironmn_summer#11,models/4072_ironmn_summer#11
skin,白铁,Stainless,6,no,音律联觉/V,4072_ironmn_ambiencesynesthesia#5,build_char_4072_ironmn_ambiencesynesthesia#5,models/4072_ironmn_ambiencesynesthesia#5
skin,白雪,ShiraYuki,4,no,斗争血脉/II,118_yuki_boc#2,build_char_118_yuki_boc#2,models/118_yuki_boc#2
skin,白面鸮,Ptilopsis,5,no,0011/韵系列/IV,128_plosis_yun#4,build_char_128_plosis_yun#4,models/128_plosis_yun#4
skin,白面鸮,Ptilopsis,5,no,时代/III,128_plosis_epoque#3,build_char_128_plosis_epoque#3,models/128_plosis_epoque#3
skin,百炼嘉维尔,Gavial the Invincible,6,yes,珊瑚海岸/XII,1026_gvial2_summer#12,build_char_1026_gvial2_summer#12,models/1026_gvial2_summer#12
skin,真理,Истина,5,no,罗德厨房,195_glassb_kitchen#1,build_char_195_glassb_kitchen#1,models/195_glassb_kitchen#1
skin,石棉,Asbestos,5,no,0011/飙系列/III,378_asbest_whirlwind#3,build_char_378_asbest_whirlwind#3,models/378_asbest_whirlwind#3
skin,石英,Quartz,4,no,时代/XXXVIII,4063_quartz_epoque#39,build_char_4063_quartz_epoque#39,models/4063_quartz_epoque#39
skin,砾,Gravel,4,no,寒武纪/II,237_gravel_winter#2,build_char_237_gravel_winter#2,models/237_gravel_winter#2
skin,祐天寺若麦,Yūtenji Nyamu,5,no,Ave Mujica,4185_amoris_avemujica#1,build_char_4185_amoris_avemujica#1,models/4185_amoris_avemujica#1
skin,稀音,Scene,5,no,时代/XXII,336_folivo_epoque#22,build_char_336_folivo_epoque#22,models/336_folivo_epoque#22
skin,稀音,Scene,5,no,生命之地/XI,336_folivo_wild#11,build_char_336_folivo_wild#11,models/336_folivo_wild#11
skin,空,Sora,5,no,时代/XVII,101_sora_epoque#17,build_char_101_sora_epoque#17,models/101_sora_epoque#17
skin,空,Sora,5,no,珊瑚海岸/I,101_sora_summer#1,build_char_101_sora_summer#1,models/101_sora_summer#1
skin,空弦,Archetto,6,no,忒斯特收藏/XV,332_archet_sale#14,build_char_332_archet_sale#14,models/332_archet_sale#14
skin,空弦,Archetto,6,no,闪耀阶梯,332_archet_shining#1,build_char_332_archet_shining#1,models/332_archet_shining#1
skin,空爆,Catapult,3,no,珊瑚海岸/XVII,282_catap_summer#17,build_char_282_catap_summer#17,models/282_catap_summer#17
skin,米格鲁,Beagle,3,no,斗争血脉/I,122_beagle_boc#1,build_char_122_beagle_boc#1,models/122_beagle_boc#1
skin,絮雨,Whisperain,5,no,0011制造/III,436_whispr_nian#4,build_char_436_whispr_nian#4,models/436_whispr_nian#4
skin,絮雨,Whisperain,5,no,巫异盛宴/IV,436_whispr_witch#4,build_char_436_whispr_witch#4,models/436_whispr_witch#4
skin,红,Projekt Red,5,no,珊瑚海岸/VI,144_red_summer#6,build_char_144_red_summer#6,models/144_red_summer#6
skin,红云,Vermeil,4,no,时代/XLII,190_clour_epoque#43,build_char_190_clour_epoque#43,models/190_clour_epoque#43
skin,红豆,Vigna,4,no,珊瑚海岸/I,290_vigna_summer#1,build_char_290_vigna_summer#1,models/290_vigna_summer#1
skin,红豆,Vigna,4,no,音律联觉,290_vigna_as#1,build_char_290_vigna_as#1,models/290_vigna_as#1
skin,红隼,Kestrel,5,no,时代/LII,4023_rfalcn_epoque#52,build_char_4023_rfalcn_epoque#52,models/4023_rfalcn_epoque#52
skin,纯烬艾雅法拉,Eyjafjalla the Hvít Aska,6,yes,时代/XXXIV,1016_agoat2_epoque#34,build_char_1016_agoat2_epoque#34,models/1016_agoat2_epoque#34
skin,绮良,Kirara,5,no,成就之星/II,478_kirara_game#2,build_char_478_kirara_game#2,models/478_kirara_game#2
skin,维什戴尔,Wiš'adel,6,yes,忒斯特收藏/XV,1035_wisdel_sale#14,build_char_1035_wisdel_sale#14,models/1035_wisdel_sale#14
skin,维什戴尔,Wiš'adel,6,yes,成就之星/IX,1035_wisdel_game#9,build_char_1035_wisdel_game#9,models/1035_wisdel_game#9
skin,维娜·维多利亚,Vina Victoria,6,yes,时代/XLIX,1019_siege2_epoque#50,build_char_1019_siege2_epoque#50,models/1019_siege2_epoque#50
skin,维荻,Verdant,4,no,待予花冠/III,4107_vrdant_unveiling#3,build_char_4107_vrdant_unveiling#3,models/4107_vrdant_unveiling#3
skin,缄默德克萨斯,Texas the Omertosa,6,yes,命途迭代,1028_texas2_iteration#1,build_char_1028_texas2_iteration#1,models/1028_texas2_iteration#1
skin,缄默德克萨斯,Texas the Omertosa,6,yes,时代/XXXVI,1028_texas2_epoque#36,build_char_1028_texas2_epoque#36,models/1028_texas2_epoque#36
skin,缠丸,Matoimaru,4,no,时代/XXXIX,289_gyuki_epoque#40,build_char_289_gyuki_epoque#40,models/289_gyuki_epoque#40
skin,缪尔赛思,Muelsyse,6,no,斗争血脉/VIII,249_mlyss_boc#8,build_char_249_mlyss_boc#8,models/249_mlyss_boc#8
skin,缪尔赛思,Muelsyse,6,no,音律联觉/VI,249_mlyss_ambiencesynesthesia#6,build_char_249_mlyss_ambiencesynesthesia#6,models/249_mlyss_ambiencesynesthesia#6
skin,罗宾,Robin,5,no,时代/XIII,451_robin_epoque#13,build_char_451_robin_epoque#13,models/451_robin_epoque#13
skin,罗德岛隐秘队,Rhodes Island Recon,1,no,怪物猎人/II,4215_buddy_mh#2,build_char_4215_buddy_mh#2,models/4215_buddy_mh#2
skin,罗比菈塔,Roberta,4,no,珊瑚海岸/X,484_robrta_summer#10,build_char_484_robrta_summer#10,models/484_robrta_summer#10
skin,罗比菈塔,Roberta,4,no,音律联觉/III,484_robrta_ambiencesynesthesia#3,build_char_484_robrta_ambiencesynesthesia#3,models/484_robrta_ambiencesynesthesia#3
skin,羽毛笔,La Pluma,5,no,珊瑚海岸/IX,421_crow_summer#9,build_char_421_crow_summer#9,models/421_crow_summer#9
skin,翎羽,Plume,3,no,玛尔特/VI,192_falco_marthe#6,build_char_192_falco_marthe#6,models/192_falco_marthe#6
skin,耀骑士临光,Nearl the Radiant Knight,6,yes,时代/XVII,1014_nearl2_epoque#17,build_char_1014_nearl2_epoque#17,models/1014_nearl2_epoque#17
skin,老鲤,Lee,6,no,0011/飙系列/X,322_lmlee_whirlwind#10,build_char_322_lmlee_whirlwind#10,models/322_lmlee_whirlwind#10
skin,老鲤,Lee,6,no,三丽鸥家族,322_lmlee_sanrio#1,build_char_322_lmlee_sanrio#1,models/322_lmlee_sanrio#1
skin,老鲤,Lee,6,no,巫异盛宴/III,322_lmlee_witch#3,build_char_322_lmlee_witch#3,models/322_lmlee_witch#3
skin,耶拉,Kjera,5,no,时代/XVIII,4013_kjera_epoque#18,build_char_4013_kjera_epoque#18,models/4013_kjera_epoque#18
skin,聆音,Gracebearer,5,no,斗争血脉/XI,4187_graceb_boc#11,build_char_4187_graceb_boc#11,models/4187_graceb_boc#11
skin,能天使,Exusiai,6,no,忒斯特收藏/IX,103_angel_sale#8,build_char_103_angel_sale#8,models/103_angel_sale#8
skin,能天使,Exusiai,6,no,生命之地/I,103_angel_wild#1,build_char_103_angel_wild#1,models/103_angel_wild#1
skin,能天使,Exusiai,6,no,肯德基,103_angel_kfc#1,build_char_103_angel_kfc#1,models/103_angel_kfc#1
skin,至简,Minimalist,5,no,珊瑚海岸/XIV,4054_malist_summer#14,build_char_4054_malist_summer#14,models/4054_malist_summer#14
skin,艾丝黛尔,Estelle,4,no,时代/XLIX,127_estell_epoque#50,build_char_127_estell_epoque#50,models/127_estell_epoque#50
skin,艾丽妮,Irene,6,no,成就之星/III,4009_irene_game#3,build_char_4009_irene_game#3,models/4009_irene_game#3
skin,艾丽妮,Irene,6,no,音律联觉/III,4009_irene_ambiencesynesthesia#3,build_char_4009_irene_ambiencesynesthesia#3,models/4009_irene_ambiencesynesthesia#3
skin,艾拉,Ela,6,no,彩虹六号：围攻/II,4123_ela_rainbow6#2,build_char_4123_ela_rainbow6#2,models/4123_ela_rainbow6#2
skin,艾雅法拉,Eyjafjalla,6,no,三丽鸥家族/II,180_amgoat_sanrio#2,build_char_180_amgoat_sanrio#2,models/180_amgoat_sanrio#2
skin,艾雅法拉,Eyjafjalla,6,no,珊瑚海岸/V,180_amgoat_summer#5,build_char_180_amgoat_summer#5,models/180_amgoat_summer#5
skin,芙兰卡,Franka,5,no,国家地理,106_franka_ncg#1,build_char_106_franka_ncg#1,models/106_franka_ncg#1
skin,芙蓉,Hibiscus,3,no,0011制造/I,120_hibisc_nian#1,build_char_120_hibisc_nian#1,models/120_hibisc_nian#1
skin,芬,Fang,3,no,寒武纪/I,123_fang_winter#1,build_char_123_fang_winter#1,models/123_fang_winter#1
skin,芳汀,Arene,4,no,寒武纪/II,271_spikes_winter#2,build_char_271_spikes_winter#2,models/271_spikes_winter#2
skin,芳汀,Arene,4,no,待予花冠/I,271_spikes_unveiling#1,build_char_271_spikes_unveiling#1,models/271_spikes_unveiling#1
skin,苇草,Reed,5,no,音律联觉/II,261_sddrag_ambiencesynesthesia#2,build_char_261_sddrag_ambiencesynesthesia#2,models/261_sddrag_ambiencesynesthesia#2
skin,苍苔,Bryophyta,5,no,时代/XXXV,4106_bryota_epoque#34,build_char_4106_bryota_epoque#34,models/4106_bryota_epoque#34
skin,苏苏洛,Sussurro,4,no,寒武纪/IV,298_susuro_winter#4,build_char_298_susuro_winter#4,models/298_susuro_winter#4
skin,苏苏洛,Sussurro,4,no,珊瑚海岸/VI,298_susuro_summer#6,build_char_298_susuro_summer#6,models/298_susuro_summer#6
skin,若叶睦,Wakaba Mutsumi,5,no,Ave Mujica,4183_mortis_avemujica#1,build_char_4183_mortis_avemujica#1,models/4183_mortis_avemujica#1
skin,苦艾,Absinthe,5,no,时代/XXVIII,405_absin_epoque#28,build_char_405_absin_epoque#28,models/405_absin_epoque#28
skin,荒芜拉普兰德,Lappland the Decadenza,6,yes,忒斯特收藏/XVII,1038_whitw2_sale#15,build_char_1038_whitw2_sale#15,models/1038_whitw2_sale#15
skin,莎草,Papyrus,5,no,成就之星/VIII,4139_papyrs_game#8,build_char_4139_papyrs_game#8,models/4139_papyrs_game#8
skin,莫斯提马,Mostima,6,no,时代/V,213_mostma_epoque#5,build_char_213_mostma_epoque#5,models/213_mostma_epoque#5
skin,莫斯提马,Mostima,6,no,音律联觉/VI,213_mostma_ambiencesynesthesia#6,build_char_213_mostma_ambiencesynesthesia#6,models/213_mostma_ambiencesynesthesia#6
skin,莱伊,Ray,6,no,珊瑚海岸/XXII,4117_ray_summer#22,build_char_4117_ray_summer#22,models/4117_ray_summer#22
skin,莱伊,Ray,6,no,闪耀阶梯/II,4117_ray_shining#2,build_char_4117_ray_shining#2,models/4117_ray_shining#2
skin,莱恩哈特,Leonhardt,5,no,冰原信使/III,373_lionhd_snow#3,build_char_373_lionhd_snow#3,models/373_lionhd_snow#3
skin,莱恩哈特,Leonhardt,5,no,生命之地/III,373_lionhd_wild#3,build_char_373_lionhd_wild#3,models/373_lionhd_wild#3
skin,菲亚梅塔,Fiammetta,6,no,巫异盛宴/IV,300_phenxi_witch#4,build_char_300_phenxi_witch#4,models/300_phenxi_witch#4
skin,菲亚梅塔,Fiammetta,6,no,斗争血脉/IX,300_phenxi_boc#9,build_char_300_phenxi_boc#9,models/300_phenxi_boc#9
skin,菲莱,Philae,5,no,0011制造/XII,4148_philae_nian#12,build_char_4148_philae_nian#12,models/4148_philae_nian#12
skin,蓝毒,Blue Poison,5,no,命途迭代/II,129_bluep_iteration#2,build_char_129_bluep_iteration#2,models/129_bluep_iteration#2
skin,蓝毒,Blue Poison,5,no,玛尔特/III,129_bluep_marthe#3,build_char_129_bluep_marthe#3,models/129_bluep_marthe#3
skin,蕾缪安,Lemuen,6,no,音律联觉/VIII,4193_lemuen_ambiencesynesthesia#7,build_char_4193_lemuen_ambiencesynesthesia#7,models/4193_lemuen_ambiencesynesthesia#7
skin,薄绿,Mint,5,no,时代/XXII,388_mint_epoque#22,build_char_388_mint_epoque#22,models/388_mint_epoque#22
skin,薄绿,Mint,5,no,时代/XXX,388_mint_epoque#30,build_char_388_mint_epoque#30,models/388_mint_epoque#30
skin,薇薇安娜,Viviana,6,no,时代/XXXIX,4098_vvana_epoque#40,build_char_4098_vvana_epoque#40,models/4098_vvana_epoque#40
skin,蚀清,Corroserum,5,no,时代/XXXI,489_serum_epoque#31,build_char_489_serum_epoque#31,models/489_serum_epoque#31
skin,蛇屠箱,Cuora,4,no,0011/韵系列/VII,150_snakek_yun#7,build_char_150_snakek_yun#7,models/150_snakek_yun#7
skin,蛇屠箱,Cuora,4,no,生命之地/I,150_snakek_wild#1,build_char_150_snakek_wild#1,models/150_snakek_wild#1
skin,蜜莓,Honeyberry,5,no,0011制造/IX,449_glider_nian#10,build_char_449_glider_nian#10,models/449_glider_nian#10
skin,蜜莓,Honeyberry,5,no,时代/XVII,449_glider_epoque#17,build_char_449_glider_epoque#17,models/449_glider_epoque#17
skin,蜜蜡,Beeswax,5,no,时代/IX,344_beewax_epoque#9,build_char_344_beewax_epoque#9,models/344_beewax_epoque#9
skin,蜜蜡,Beeswax,5,no,珊瑚海岸/XI,344_beewax_summer#11,build_char_344_beewax_summer#11,models/344_beewax_summer#11
skin,行箸,Xingzhu,5,no,时代/L,4172_xingzh_epoque#51,build_char_4172_xingzh_epoque#51,models/4172_xingzh_epoque#51
skin,衡沙,Sand Reckoner,5,no,错位巡礼/III,4140_lasher_sightseer#3,build_char_4140_lasher_sightseer#3,models/4140_lasher_sightseer#3
skin,裁度,Figurino,5,no,0011/韵系列/IX,4155_talr_yun#9,build_char_4155_talr_yun#9,models/4155_talr_yun#9
skin,褐果,Chestnut,4,no,珊瑚海岸/XII,4041_chnut_summer#12,build_char_4041_chnut_summer#12,models/4041_chnut_summer#12
skin,见行者,Enforcer,5,no,时代/XXI,4036_forcer_epoque#20,build_char_4036_forcer_epoque#20,models/4036_forcer_epoque#20
skin,角峰,Matterhorn,4,no,珊瑚海岸/I,199_yak_summer#1,build_char_199_yak_summer#1,models/199_yak_summer#1
skin,讯使,Courier,4,no,寒武纪/I,198_blackd_winter#1,build_char_198_blackd_winter#1,models/198_blackd_winter#1
skin,讯使,Courier,4,no,音律联觉,198_blackd_as#1,build_char_198_blackd_as#1,models/198_blackd_as#1
skin,诗怀雅,Swire,5,no,0011制造/II,308_swire_nian#2,build_char_308_swire_nian#2,models/308_swire_nian#2
skin,诺威尔,Nowell,5,no,命途迭代/VI,4173_nowell_iteration#6,build_char_4173_nowell_iteration#6,models/4173_nowell_iteration#6
skin,调香师,Perfumer,4,no,忒斯特收藏/I,181_flower_daily#1,build_char_181_flower_daily#1,models/181_flower_daily#1
skin,调香师,Perfumer,4,no,时代/IX,181_flower_epoque#9,build_char_181_flower_epoque#9,models/181_flower_epoque#9
skin,谜图,Puzzle,5,no,时代/XXIX,4017_puzzle_epoque#29,build_char_4017_puzzle_epoque#29,models/4017_puzzle_epoque#29
skin,谜图,Puzzle,5,no,闪耀阶梯/III,4017_puzzle_shining#3,build_char_4017_puzzle_shining#3,models/4017_puzzle_shining#3
skin,豆苗,Beanstalk,4,no,冰原信使/IV,452_bstalk_snow#4,build_char_452_bstalk_snow#4,models/452_bstalk_snow#4
skin,豆苗,Beanstalk,4,no,待予花冠/IV,452_bstalk_unveiling#4,build_char_452_bstalk_unveiling#4,models/452_bstalk_unveiling#4
skin,贝娜,Bena,5,no,0011制造/XI,369_bena_epoque#38,build_char_369_bena_epoque#38,models/369_bena_epoque#38
skin,贾维,Chiave,5,no,啸风/II,349_chiave_race#2,build_char_349_chiave_race#2,models/349_chiave_race#2
skin,赤冬,Akafuyu,5,no,时代/XV,475_akafyu_epoque#15,build_char_475_akafyu_epoque#15,models/475_akafyu_epoque#15
skin,赫德雷,Hoederer,6,no,错位巡礼/I,4088_hodrer_sightseer#1,build_char_4088_hodrer_sightseer#1,models/4088_hodrer_sightseer#1
skin,赫拉格,Hellagur,6,no,斗争血脉/II,188_helage_boc#2,build_char_188_helage_boc#2,models/188_helage_boc#2
skin,赫默,Silence,5,no,寒武纪/II,108_silent_winter#2,build_char_108_silent_winter#2,models/108_silent_winter#2
skin,赫默,Silence,5,no,雷神开拓者,108_silent_sweep#1,build_char_108_silent_sweep#1,models/108_silent_sweep#1
skin,跃跃,Caper,4,no,珊瑚海岸/XVIII,4100_caper_summer#18,build_char_4100_caper_summer#18,models/4100_caper_summer#18
skin,车尔尼,Czerny,5,no,生命之地/VIII,4047_pianst_wild#8,build_char_4047_pianst_wild#8,models/4047_pianst_wild#8
skin,远山,Gitano,4,no,时代/II,109_fmout_epoque#2,build_char_109_fmout_epoque#2,models/109_fmout_epoque#2
skin,远牙,Fartooth,6,no,0011/飙系列/Ⅴ,430_fartth_whirlwind#5,build_char_430_fartth_whirlwind#5,models/430_fartth_whirlwind#5
skin,迷迭香,Rosmontis,6,no,忒斯特收藏/XVIII,391_rosmon_sale#16,build_char_391_rosmon_sale#16,models/391_rosmon_sale#16
skin,迷迭香,Rosmontis,6,no,时代/XVII,391_rosmon_epoque#17,build_char_391_rosmon_epoque#17,models/391_rosmon_epoque#17
skin,送葬人,Executor,5,no,斗争血脉/I,279_excu_boc#1,build_char_279_excu_boc#1,models/279_excu_boc#1
skin,逻各斯,Logos,6,no,音律联觉/VI,4133_logos_ambiencesynesthesia#6,build_char_4133_logos_ambiencesynesthesia#6,models/4133_logos_ambiencesynesthesia#6
skin,遥,Haruka,6,no,命途迭代/VI,4202_haruka_iteration#6,build_char_4202_haruka_iteration#6,models/4202_haruka_iteration#6
skin,酸糖,Aciddrop,4,no,0011/飙系列/IV,366_acdrop_whirlwind#4,build_char_366_acdrop_whirlwind#4,models/366_acdrop_whirlwind#4
skin,酸糖,Aciddrop,4,no,珊瑚海岸/XXI,366_acdrop_summer#21,build_char_366_acdrop_summer#21,models/366_acdrop_summer#21
skin,重岳,Chongyue,6,no,0011制造/IX,2024_chyue_nian#10,build_char_2024_chyue_nian#10,models/2024_chyue_nian#10
skin,重岳,Chongyue,6,no,中国电影资料馆,2024_chyue_cfa#1,build_char_2024_chyue_cfa#1,models/2024_chyue_cfa#1
skin,野鬃,Wild Mane,5,no,时代/XVI,496_wildmn_epoque#16,build_char_496_wildmn_epoque#16,models/496_wildmn_epoque#16
skin,钼铅,Wulfenite,5,no,玛尔特/XIV,4171_wulfen_marthe#14,build_char_4171_wulfen_marthe#14,models/4171_wulfen_marthe#14
skin,铃兰,Suzuran,6,no,时代/XXII,358_lisa_epoque#22,build_char_358_lisa_epoque#22,models/358_lisa_epoque#22
skin,铃兰,Suzuran,6,no,生命之地/III,358_lisa_wild#3,build_char_358_lisa_wild#3,models/358_lisa_wild#3
skin,铃兰,Suzuran,6,no,罗小黑战记,358_lisa_lxh#1,build_char_358_lisa_lxh#1,models/358_lisa_lxh#1
skin,铅踝,Totter,4,no,珊瑚海岸/XVII,4062_totter_summer#17,build_char_4062_totter_summer#17,models/4062_totter_summer#17
skin,铎铃,Wind Chimes,5,no,0011/韵系列/V,4083_chimes_yun#5,build_char_4083_chimes_yun#5,models/4083_chimes_yun#5
skin,银灰,SilverAsh,6,no,冰原信使/I,172_svrash_snow#1,build_char_172_svrash_snow#1,models/172_svrash_snow#1
skin,银灰,SilverAsh,6,no,珊瑚海岸/IV,172_svrash_summer#4,build_char_172_svrash_summer#4,models/172_svrash_summer#4
skin,银灰,SilverAsh,6,no,音律联觉/IV,172_svrash_ambiencesynesthesia#4,build_char_172_svrash_ambiencesynesthesia#4,models/172_svrash_ambiencesynesthesia#4
skin,铸铁,Sideroca,5,no,珊瑚海岸/VI,333_sidero_summer#6,build_char_333_sidero_summer#6,models/333_sidero_summer#6
skin,锏,Degenbrecher,6,no,巫异盛宴/V,4116_blkkgt_witch#5,build_char_4116_blkkgt_witch#5,models/4116_blkkgt_witch#5
skin,锡人,Tin Man,5,no,忒斯特收藏/XII,4151_tinman_sale#11,build_char_4151_tinman_sale#11,models/4151_tinman_sale#11
skin,锡兰,Ceylon,5,no,珊瑚海岸/XIII,348_ceylon_summer#13,build_char_348_ceylon_summer#13,models/348_ceylon_summer#13
skin,闪灵,Shining,6,no,珊瑚海岸/I,147_shining_summer#1,build_char_147_shining_summer#1,models/147_shining_summer#1
skin,阿,Aak,6,no,0011制造/III,225_haak_nian#4,build_char_225_haak_nian#4,models/225_haak_nian#4
skin,阿,Aak,6,no,0011制造/IV,225_haak_nian#5,build_char_225_haak_nian#5,models/225_haak_nian#5
skin,阿斯卡纶,Ascalon,6,no,命途迭代/IV,4132_ascln_iteration#4,build_char_4132_ascln_iteration#4,models/4132_ascln_iteration#4
skin,阿消,Shaw,4,no,缠梦古堡,277_sqrrel_ghost#1,build_char_277_sqrrel_ghost#1,models/277_sqrrel_ghost#1
skin,阿米娅,Amiya,5,no,CASC,1001_amiya2_casc#1,build_char_1001_amiya2_casc#1,models/1001_amiya2_casc#1
skin,阿米娅,Amiya,5,no,忒斯特收藏/I,002_amiya_winter#1,build_char_002_amiya_winter#1,models/002_amiya_winter#1
skin,阿米娅,Amiya,5,no,忒斯特收藏/II,002_amiya_epoque#4,build_char_002_amiya_epoque#4,models/002_amiya_epoque#4
skin,阿米娅,Amiya,5,no,忒斯特收藏/IV,002_amiya_test#1,build_char_002_amiya_test#1,models/002_amiya_test#1
skin,阿米娅,Amiya,5,no,忒斯特收藏/XIV,1037_amiya3_sale#13,build_char_1037_amiya3_sale#13,models/1037_amiya3_sale#13
skin,阿米娅,Amiya,5,no,忒斯特收藏/XVIII,1001_amiya2_sale#16,build_char_1001_amiya2_sale#16,models/1001_amiya2_sale#16
skin,阿米娅,Amiya,5,no,默认服装,1037_amiya3,build_char_1037_amiya3,models/1037_amiya3
skin,阿罗玛,Aroma,5,no,时代/LIV,446_aroma_epoque#54,build_char_446_aroma_epoque#54,models/446_aroma_epoque#54
skin,陈,Ch'en,6,no,0011制造/II,010_chen_nian#2,build_char_010_chen_nian#2,models/010_chen_nian#2
skin,陈,Ch'en,6,no,忒斯特收藏/XI,010_chen_sale#10,build_char_010_chen_sale#10,models/010_chen_sale#10
skin,陨星,Meteorite,5,no,珊瑚海岸/XXII,219_meteo_summer#22,build_char_219_meteo_summer#22,models/219_meteo_summer#22
skin,陨星,Meteorite,5,no,雷神开拓者,219_meteo_sweep#1,build_char_219_meteo_sweep#1,models/219_meteo_sweep#1
skin,隐德来希,Entelechia,6,no,寒武纪/V,4010_etlchi_winter#5,build_char_4010_etlchi_winter#5,models/4010_etlchi_winter#5
skin,隐现,Insider,5,no,珊瑚海岸/XXII,498_inside_summer#22,build_char_498_inside_summer#22,models/498_inside_summer#22
skin,隐现,Insider,5,no,罗德厨房/II,498_inside_kitchen#2,build_char_498_inside_kitchen#2,models/498_inside_kitchen#2
skin,雪绒,Qanipalaat,5,no,冰原信使/VI,466_qanik_snow#6,build_char_466_qanik_snow#6,models/466_qanik_snow#6
skin,雪雉,Snowsant,5,no,巫异盛宴/II,383_snsant_witch#2,build_char_383_snsant_witch#2,models/383_snsant_witch#2
skin,雷蛇,Liskarm,5,no,0011制造/II,107_liskam_nian#2,build_char_107_liskam_nian#2,models/107_liskam_nian#2
skin,雷蛇,Liskarm,5,no,雷神推进者,107_liskam_striker#1,build_char_107_liskam_striker#1,models/107_liskam_striker#1
skin,霍尔海雅,Ho'olheyak,6,no,时代/XLIX,4027_heyak_epoque#50,build_char_4027_heyak_epoque#50,models/4027_heyak_epoque#50
skin,霍尔海雅,Ho'olheyak,6,no,音律联觉/IV,4027_heyak_ambiencesynesthesia#4,build_char_4027_heyak_ambiencesynesthesia#4,models/4027_heyak_ambiencesynesthesia#4
skin,霜叶,Frostleaf,4,no,斗争血脉/IV,193_frostl_boc#4,build_char_193_frostl_boc#4,models/193_frostl_boc#4
skin,露托,Lutonada,4,no,0011/韵系列/VI,4130_luton_yun#6,build_char_4130_luton_yun#6,models/4130_luton_yun#6
skin,青枳,Poncirus,5,no,时代/XXXIV,488_buildr_epoque#34,build_char_488_buildr_epoque#34,models/488_buildr_epoque#34
skin,鞭刃,Whislash,5,no,时代/XI,265_sophia_epoque#11,build_char_265_sophia_epoque#11,models/265_sophia_epoque#11
skin,风丸,Kazemaru,5,no,巫异盛宴/III,4016_kazema_witch#3,build_char_4016_kazema_witch#3,models/4016_kazema_witch#3
skin,风笛,Bagpipe,6,no,啸风,222_bpipe_race#1,build_char_222_bpipe_race#1,models/222_bpipe_race#1
skin,风笛,Bagpipe,6,no,时代/XXVIII,222_bpipe_epoque#28,build_char_222_bpipe_epoque#28,models/222_bpipe_epoque#28
skin,风笛,Bagpipe,6,no,时代/XXXIX,222_bpipe_epoque#40,build_char_222_bpipe_epoque#40,models/222_bpipe_epoque#40
skin,食铁兽,FEater,5,no,0011制造/VI,241_panda_nian#7,build_char_241_panda_nian#7,models/241_panda_nian#7
skin,食铁兽,FEater,5,no,玛尔特/I,241_panda_marthe#1,build_char_241_panda_marthe#1,models/241_panda_marthe#1
skin,香草,Vanilla,3,no,成就之星/IV,240_wyvern_game#4,build_char_240_wyvern_game#4,models/240_wyvern_game#4
skin,骋风,Windscoot,4,no,时代/XLVIII,445_wscoot_epoque#49,build_char_445_wscoot_epoque#49,models/445_wscoot_epoque#49
skin,魔王,Civilight Eterna,6,no,时代/XLIX,4134_cetsyr_epoque#50,build_char_4134_cetsyr_epoque#50,models/4134_cetsyr_epoque#50
skin,鸿雪,Позёмка,6,no,0011/韵系列/VII,4055_bgsnow_yun#7,build_char_4055_bgsnow_yun#7,models/4055_bgsnow_yun#7
skin,鸿雪,Позёмка,6,no,生命之地/VII,4055_bgsnow_wild#7,build_char_4055_bgsnow_wild#7,models/4055_bgsnow_wild#7
skin,麦哲伦,Magallan,6,no,罗德厨房,248_mgllan_kitchen#1,build_char_248_mgllan_kitchen#1,models/248_mgllan_kitchen#1
skin,黍,Shu,6,no,0011制造/XI,2025_shu_nian#11,build_char_2025_shu_nian#11,models/2025_shu_nian#11
skin,黑,Schwarz,6,no,冰原信使/I,340_shwaz_snow#1,build_char_340_shwaz_snow#1,models/340_shwaz_snow#1
skin,黑,Schwarz,6,no,雷神推进者,340_shwaz_striker#1,build_char_340_shwaz_striker#1,models/340_shwaz_striker#1
skin,黑键,Ebenholz,6,no,斗争血脉/VI,4046_ebnhlz_boc#6,build_char_4046_ebnhlz_boc#6,models/4046_ebnhlz_boc#6
skin,龙舌兰,Tequila,5,no,闪耀阶梯/II,486_takila_shining#2,build_char_486_takila_shining#2,models/486_takila_shining#2
skin,龙舌兰,Tequila,5,no,音律联觉/II,486_takila_ambiencesynesthesia#2,build_char_486_takila_ambiencesynesthesia#2,models/486_takila_ambiencesynesthesia#2
